Date,Gold_Price
2019-08-30,1528.4
2019-08-29,1540.2
2019-08-28,1537.15
2019-08-27,1532.95
2019-08-26,1503.8
2019-08-23,1503.8
2019-08-22,1502.05
2019-08-21,1503.25
2019-08-20,1504.55
2019-08-19,1496.6
2019-08-16,1515.25
2019-08-15,1515.65
2019-08-14,1513.25
2019-08-13,1498.4
2019-08-12,1504.7
2019-08-09,1497.7
2019-08-08,1495.75
2019-08-07,1506.05
2019-08-06,1465.25
2019-08-05,1465.25
2019-08-02,1441.75
2019-08-01,1406.8
2019-07-31,1427.55
2019-07-30,1425.9
2019-07-29,1419.05
2019-07-26,1420.4
2019-07-25,1416.1
2019-07-24,1426.95
2019-07-23,1425.55
2019-07-22,1427.75
2019-07-19,1439.7
2019-07-18,1417.45
2019-07-17,1410.35
2019-07-16,1409.85
2019-07-15,1412.4
2019-07-12,1407.6
2019-07-11,1413.75
2019-07-10,1408.3
2019-07-09,1391.55
2019-07-08,1400.1
2019-07-05,1388.65
2019-07-04,1414.9
2019-07-03,1413.5
2019-07-02,1391.05
2019-07-01,1390.1
2019-06-28,1409.0
2019-06-27,1402.5
2019-06-26,1403.95
2019-06-25,1431.4
2019-06-24,1405.7
2019-06-21,1397.15
2019-06-20,1379.5
2019-06-19,1344.05
2019-06-18,1341.35
2019-06-17,1341.3
2019-06-14,1351.25
2019-06-13,1335.9
2019-06-12,1332.35
2019-06-11,1324.3
2019-06-10,1328.6
2019-06-07,1340.65
2019-06-06,1335.5
2019-06-05,1335.05
2019-06-04,1324.25
2019-06-03,1317.1
2019-05-31,1295.55
2019-05-30,1280.95
2019-05-29,1281.65
2019-05-28,1278.3
2019-05-27,1282.5
2019-05-24,1282.5
2019-05-23,1283.65
2019-05-22,1273.8
2019-05-21,1271.15
2019-05-20,1276.85
2019-05-17,1280.8
2019-05-16,1291.7
2019-05-15,1299.1
2019-05-14,1298.4
2019-05-13,1295.6
2019-05-10,1287.1
2019-05-09,1286.1
2019-05-08,1285.2
2019-05-07,1281.2
2019-05-06,1278.55
2019-05-03,1278.55
2019-05-02,1270.95
2019-05-01,1283.8
2019-04-30,1282.3
2019-04-29,1279.5
2019-04-26,1284.2
2019-04-25,1280.8
2019-04-24,1271.65
2019-04-23,1269.5
2019-04-22,1275.7
2019-04-19,1275.7
2019-04-18,1275.7
2019-04-17,1275.85
2019-04-16,1276.35
2019-04-15,1285.65
2019-04-12,1294.3
2019-04-11,1298.8
2019-04-10,1305.45
2019-04-09,1303.0
2019-04-08,1300.0
2019-04-05,1288.45
2019-04-04,1283.15
2019-04-03,1290.45
2019-04-02,1290.3
2019-04-01,1293.5
2019-03-29,1295.4
2019-03-28,1295.15
2019-03-27,1309.7
2019-03-26,1316.3
2019-03-25,1319.55
2019-03-22,1311.3
2019-03-21,1309.6
2019-03-20,1303.7
2019-03-19,1307.7
2019-03-18,1305.6
2019-03-15,1303.5
2019-03-14,1295.55
2019-03-13,1306.95
2019-03-12,1297.05
2019-03-11,1292.75
2019-03-08,1296.75
2019-03-07,1285.3
2019-03-06,1285.85
2019-03-05,1283.8
2019-03-04,1285.4
2019-03-01,1311.95
2019-02-28,1319.15
2019-02-27,1322.85
2019-02-26,1325.05
2019-02-25,1331.05
2019-02-22,1329.05
2019-02-21,1331.25
2019-02-20,1343.75
2019-02-19,1334.15
2019-02-18,1325.5
2019-02-15,1316.55
2019-02-14,1311.45
2019-02-13,1312.8
2019-02-12,1310.0
2019-02-11,1306.4
2019-02-08,1314.85
2019-02-07,1310.0
2019-02-06,1312.4
2019-02-05,1314.2
2019-02-04,1312.15
2019-02-01,1318.7
2019-01-31,1323.25
2019-01-30,1310.7
2019-01-29,1307.55
2019-01-28,1302.15
2019-01-25,1293.9
2019-01-24,1283.7
2019-01-23,1279.8
2019-01-22,1282.1
2019-01-21,1279.55
2019-01-18,1284.2
2019-01-17,1290.7
2019-01-16,1292.3
2019-01-15,1294.4
2019-01-14,1292.75
2019-01-11,1288.95
2019-01-10,1291.9
2019-01-09,1288.6
2019-01-08,1286.45
2019-01-07,1292.2
2019-01-04,1279.9
2019-01-03,1290.45
2019-01-02,1282.9
2019-01-01,1279.0
2018-12-31,1279.0
2018-12-28,1279.0
2018-12-27,1268.0
2018-12-26,1258.15
2018-12-25,1258.15
2018-12-24,1258.15
2018-12-21,1258.15
2018-12-20,1259.75
2018-12-19,1255.0
2018-12-18,1246.3
2018-12-17,1241.65
2018-12-14,1235.35
2018-12-13,1242.75
2018-12-12,1245.75
2018-12-11,1245.3
2018-12-10,1245.35
2018-12-07,1243.3
2018-12-06,1242.55
2018-12-05,1235.9
2018-12-04,1240.3
2018-12-03,1230.3
2018-11-30,1217.55
2018-11-29,1226.25
2018-11-28,1213.25
2018-11-27,1221.2
2018-11-26,1223.4
2018-11-23,1223.65
2018-11-22,1227.05
2018-11-21,1226.1
2018-11-20,1223.0
2018-11-19,1221.6
2018-11-16,1222.4
2018-11-15,1211.85
2018-11-14,1203.25
2018-11-13,1202.1
2018-11-12,1205.55
2018-11-09,1211.4
2018-11-08,1224.15
2018-11-07,1229.95
2018-11-06,1231.6
2018-11-05,1232.25
2018-11-02,1232.1
2018-11-01,1231.15
2018-10-31,1214.95
2018-10-30,1225.4
2018-10-29,1230.8
2018-10-26,1233.85
2018-10-25,1230.8
2018-10-24,1230.55
2018-10-23,1235.95
2018-10-22,1222.3
2018-10-19,1227.85
2018-10-18,1223.0
2018-10-17,1229.05
2018-10-16,1230.7
2018-10-15,1229.95
2018-10-12,1219.75
2018-10-11,1205.55
2018-10-10,1188.6
2018-10-09,1185.55
2018-10-08,1186.95
2018-10-05,1203.8
2018-10-04,1203.45
2018-10-03,1201.2
2018-10-02,1204.7
2018-10-01,1189.35
2018-09-28,1187.25
2018-09-27,1185.4
2018-09-26,1194.25
2018-09-25,1201.9
2018-09-24,1202.75
2018-09-21,1198.7
2018-09-20,1208.35
2018-09-19,1203.3
2018-09-18,1200.2
2018-09-17,1201.9
2018-09-14,1201.95
2018-09-13,1209.8
2018-09-12,1195.6
2018-09-11,1189.85
2018-09-10,1196.6
2018-09-07,1198.9
2018-09-06,1205.15
2018-09-05,1196.7
2018-09-04,1190.85
2018-09-03,1200.05
2018-08-31,1202.45
2018-08-30,1197.3
2018-08-29,1204.2
2018-08-28,1212.25
2018-08-27,1197.7
2018-08-24,1197.7
2018-08-23,1192.35
2018-08-22,1196.65
2018-08-21,1190.95
2018-08-20,1184.35
2018-08-17,1178.4
2018-08-16,1180.4
2018-08-15,1182.0
2018-08-14,1197.0
2018-08-13,1200.35
2018-08-10,1214.4
2018-08-09,1214.35
2018-08-08,1209.55
2018-08-07,1212.35
2018-08-06,1209.65
2018-08-03,1216.3
2018-08-02,1215.45
2018-08-01,1219.0
2018-07-31,1220.95
2018-07-30,1223.8
2018-07-27,1223.95
2018-07-26,1228.25
2018-07-25,1231.5
2018-07-24,1228.35
2018-07-23,1224.95
2018-07-20,1228.75
2018-07-19,1217.55
2018-07-18,1224.5
2018-07-17,1232.8
2018-07-16,1241.1
2018-07-13,1241.7
2018-07-12,1245.9
2018-07-11,1251.4
2018-07-10,1254.0
2018-07-09,1262.05
2018-07-06,1255.35
2018-07-05,1255.5
2018-07-04,1255.65
2018-07-03,1251.75
2018-07-02,1247.8
2018-06-29,1250.45
2018-06-28,1251.55
2018-06-27,1254.6
2018-06-26,1260.3
2018-06-25,1268.7
2018-06-22,1269.15
2018-06-21,1266.15
2018-06-20,1274.2
2018-06-19,1276.15
2018-06-18,1281.55
2018-06-15,1285.25
2018-06-14,1302.75
2018-06-13,1296.15
2018-06-12,1298.65
2018-06-11,1299.6
2018-06-08,1298.25
2018-06-07,1297.25
2018-06-06,1300.1
2018-06-05,1292.05
2018-06-04,1295.45
2018-06-01,1294.6
2018-05-31,1305.35
2018-05-30,1300.7
2018-05-29,1295.5
2018-05-28,1303.5
2018-05-25,1303.5
2018-05-24,1304.85
2018-05-23,1289.0
2018-05-22,1293.05
2018-05-21,1288.35
2018-05-18,1288.3
2018-05-17,1289.5
2018-05-16,1291.25
2018-05-15,1295.0
2018-05-14,1319.85
2018-05-11,1324.35
2018-05-10,1318.8
2018-05-09,1313.85
2018-05-08,1306.6
2018-05-07,1309.4
2018-05-04,1309.4
2018-05-03,1315.05
2018-05-02,1304.2
2018-05-01,1307.1
2018-04-30,1313.2
2018-04-27,1321.5
2018-04-26,1320.7
2018-04-25,1321.65
2018-04-24,1328.85
2018-04-23,1324.3
2018-04-20,1336.75
2018-04-19,1348.6
2018-04-18,1351.45
2018-04-17,1342.1
2018-04-16,1349.35
2018-04-13,1343.7
2018-04-12,1341.35
2018-04-11,1350.75
2018-04-10,1338.95
2018-04-09,1331.95
2018-04-06,1331.2
2018-04-05,1327.7
2018-04-04,1337.3
2018-04-03,1333.45
2018-04-02,1323.85
2018-03-30,1323.85
2018-03-29,1323.85
2018-03-28,1332.45
2018-03-27,1341.45
2018-03-26,1352.4
2018-03-23,1346.6
2018-03-22,1329.15
2018-03-21,1321.35
2018-03-20,1311.0
2018-03-19,1312.4
2018-03-16,1310.1
2018-03-15,1318.75
2018-03-14,1323.55
2018-03-13,1322.75
2018-03-12,1319.15
2018-03-09,1320.6
2018-03-08,1321.0
2018-03-07,1329.4
2018-03-06,1331.4
2018-03-05,1320.4
2018-03-02,1322.3
2018-03-01,1307.75
2018-02-28,1317.85
2018-02-27,1325.75
2018-02-26,1333.5
2018-02-23,1327.95
2018-02-22,1328.35
2018-02-21,1330.5
2018-02-20,1339.85
2018-02-19,1346.6
2018-02-16,1352.1
2018-02-15,1352.45
2018-02-14,1336.25
2018-02-13,1325.35
2018-02-12,1322.3
2018-02-09,1314.1
2018-02-08,1315.45
2018-02-07,1324.65
2018-02-06,1331.4
2018-02-05,1333.6
2018-02-02,1331.15
2018-02-01,1341.35
2018-01-31,1345.05
2018-01-30,1344.9
2018-01-29,1343.85
2018-01-26,1353.15
2018-01-25,1354.95
2018-01-24,1353.7
2018-01-23,1333.4
2018-01-22,1332.6
2018-01-19,1334.95
2018-01-18,1332.2
2018-01-17,1335.65
2018-01-16,1333.85
2018-01-15,1339.25
2018-01-12,1326.8
2018-01-11,1323.05
2018-01-10,1319.75
2018-01-09,1311.0
2018-01-08,1319.95
2018-01-05,1317.15
2018-01-04,1314.5
2018-01-03,1314.9
2018-01-02,1312.05
2018-01-01,1291.0
2017-12-29,1291.0
2017-12-28,1291.0
2017-12-27,1279.4
2017-12-26,1264.55
2017-12-25,1264.55
2017-12-22,1264.55
2017-12-21,1264.55
2017-12-20,1264.55
2017-12-19,1260.35
2017-12-18,1260.6
2017-12-15,1254.6
2017-12-14,1251.0
2017-12-13,1242.65
2017-12-12,1240.9
2017-12-11,1247.15
2017-12-08,1250.65
2017-12-07,1255.0
2017-12-06,1263.7
2017-12-05,1266.3
2017-12-04,1273.45
2017-12-01,1275.5
2017-11-30,1280.2
2017-11-29,1283.85
2017-11-28,1291.85
2017-11-27,1294.9
2017-11-24,1290.5
2017-11-23,1290.35
2017-11-22,1286.95
2017-11-21,1283.3
2017-11-20,1286.2
2017-11-17,1284.35
2017-11-16,1280.0
2017-11-15,1282.2
2017-11-14,1274.6
2017-11-13,1277.95
2017-11-10,1284.3
2017-11-09,1284.8
2017-11-08,1284.0
2017-11-07,1275.6
2017-11-06,1270.9
2017-11-03,1267.2
2017-11-02,1279.2
2017-11-01,1277.05
2017-10-31,1270.15
2017-10-30,1272.0
2017-10-27,1266.45
2017-10-26,1273.75
2017-10-25,1275.0
2017-10-24,1276.45
2017-10-23,1274.9
2017-10-20,1281.2
2017-10-19,1286.4
2017-10-18,1280.2
2017-10-17,1284.75
2017-10-16,1303.3
2017-10-13,1299.6
2017-10-12,1290.25
2017-10-11,1289.25
2017-10-10,1291.4
2017-10-09,1278.75
2017-10-06,1261.8
2017-10-05,1274.5
2017-10-04,1274.25
2017-10-03,1271.25
2017-10-02,1273.7
2017-09-29,1283.1
2017-09-28,1283.35
2017-09-27,1282.55
2017-09-26,1300.05
2017-09-25,1293.3
2017-09-22,1294.8
2017-09-21,1292.1
2017-09-20,1311.3
2017-09-19,1309.6
2017-09-18,1312.1
2017-09-15,1322.85
2017-09-14,1324.55
2017-09-13,1327.55
2017-09-12,1326.5
2017-09-11,1334.2
2017-09-08,1346.25
2017-09-07,1343.5
2017-09-06,1337.85
2017-09-05,1335.55
2017-09-04,1333.1
2017-09-01,1320.4
2017-08-31,1311.75
2017-08-30,1308.5
2017-08-29,1318.65
2017-08-28,1285.3
2017-08-25,1285.3
2017-08-24,1289.0
2017-08-23,1286.65
2017-08-22,1284.2
2017-08-21,1292.9
2017-08-18,1295.8
2017-08-17,1285.15
2017-08-16,1272.75
2017-08-15,1270.3
2017-08-14,1282.3
2017-08-11,1286.1
2017-08-10,1284.4
2017-08-09,1271.05
2017-08-08,1261.8
2017-08-07,1258.0
2017-08-04,1257.7
2017-08-03,1268.1
2017-08-02,1269.6
2017-08-01,1270.95
2017-07-31,1267.55
2017-07-28,1264.9
2017-07-27,1261.1
2017-07-26,1248.1
2017-07-25,1254.4
2017-07-24,1255.55
2017-07-21,1248.55
2017-07-20,1238.7
2017-07-19,1242.15
2017-07-18,1240.75
2017-07-17,1234.1
2017-07-14,1230.3
2017-07-13,1218.9
2017-07-12,1218.8
2017-07-11,1211.05
2017-07-10,1211.9
2017-07-07,1215.65
2017-07-06,1224.9
2017-07-05,1220.3
2017-07-04,1223.75
2017-07-03,1229.25
2017-06-30,1242.25
2017-06-29,1243.5
2017-06-28,1248.0
2017-06-27,1249.55
2017-06-26,1245.25
2017-06-23,1255.7
2017-06-22,1250.8
2017-06-21,1242.5
2017-06-20,1242.2
2017-06-19,1248.15
2017-06-16,1255.4
2017-06-15,1254.55
2017-06-14,1275.5
2017-06-13,1262.0
2017-06-12,1266.4
2017-06-09,1266.55
2017-06-08,1273.1
2017-06-07,1291.0
2017-06-06,1293.5
2017-06-05,1279.95
2017-06-02,1274.95
2017-06-01,1264.85
2017-05-31,1266.2
2017-05-30,1262.7
2017-05-29,1265.05
2017-05-26,1265.05
2017-05-25,1256.95
2017-05-24,1252.55
2017-05-23,1260.2
2017-05-22,1258.85
2017-05-19,1252.0
2017-05-18,1255.9
2017-05-17,1257.4
2017-05-16,1234.2
2017-05-15,1233.3
2017-05-12,1231.25
2017-05-11,1223.15
2017-05-10,1222.95
2017-05-09,1220.4
2017-05-08,1229.8
2017-05-05,1228.05
2017-05-04,1228.45
2017-05-03,1250.3
2017-05-02,1255.45
2017-05-01,1266.45
2017-04-28,1266.45
2017-04-27,1262.8
2017-04-26,1261.85
2017-04-25,1267.8
2017-04-24,1269.4
2017-04-21,1281.85
2017-04-20,1282.1
2017-04-19,1279.05
2017-04-18,1278.95
2017-04-17,1284.15
2017-04-14,1284.15
2017-04-13,1284.15
2017-04-12,1274.3
2017-04-11,1252.9
2017-04-10,1250.05
2017-04-07,1266.45
2017-04-06,1252.5
2017-04-05,1245.8
2017-04-04,1257.65
2017-04-03,1247.25
2017-03-31,1244.85
2017-03-30,1248.8
2017-03-29,1251.1
2017-03-28,1257.25
2017-03-27,1257.55
2017-03-24,1247.5
2017-03-23,1247.5
2017-03-22,1249.05
2017-03-21,1241.6
2017-03-20,1232.4
2017-03-17,1229.6
2017-03-16,1229.35
2017-03-15,1198.8
2017-03-14,1204.6
2017-03-13,1204.2
2017-03-10,1202.65
2017-03-09,1206.55
2017-03-08,1209.2
2017-03-07,1216.65
2017-03-06,1230.95
2017-03-03,1226.5
2017-03-02,1238.1
2017-03-01,1240.4
2017-02-28,1255.6
2017-02-27,1257.2
2017-02-24,1253.65
2017-02-23,1247.9
2017-02-22,1236.65
2017-02-21,1233.2
2017-02-20,1237.3
2017-02-17,1241.95
2017-02-16,1240.55
2017-02-15,1224.4
2017-02-14,1230.75
2017-02-13,1222.25
2017-02-10,1228.3
2017-02-09,1236.8
2017-02-08,1242.1
2017-02-07,1231.0
2017-02-06,1226.75
2017-02-03,1215.2
2017-02-02,1221.95
2017-02-01,1203.65
2017-01-31,1212.8
2017-01-30,1192.8
2017-01-27,1184.85
2017-01-26,1189.7
2017-01-25,1195.0
2017-01-24,1216.8
2017-01-23,1212.85
2017-01-20,1200.55
2017-01-19,1196.05
2017-01-18,1214.75
2017-01-17,1216.05
2017-01-16,1203.0
2017-01-13,1190.35
2017-01-12,1205.05
2017-01-11,1178.55
2017-01-10,1189.5
2017-01-09,1178.5
2017-01-06,1175.85
2017-01-05,1176.7
2017-01-04,1164.25
2017-01-03,1151.0
2017-01-02,1145.9
2016-12-30,1145.9
2016-12-29,1145.9
2016-12-28,1134.6
2016-12-27,1131.35
2016-12-26,1131.35
2016-12-23,1131.35
2016-12-22,1131.35
2016-12-21,1133.65
2016-12-20,1125.7
2016-12-19,1136.25
2016-12-16,1131.6
2016-12-15,1126.95
2016-12-14,1162.25
2016-12-13,1158.55
2016-12-12,1156.1
2016-12-09,1163.6
2016-12-08,1171.05
2016-12-07,1177.65
2016-12-06,1172.5
2016-12-05,1162.2
2016-12-02,1173.5
2016-12-01,1161.85
2016-11-30,1178.1
2016-11-29,1186.55
2016-11-28,1187.0
2016-11-25,1187.7
2016-11-24,1186.1
2016-11-23,1185.35
2016-11-22,1212.25
2016-11-21,1214.25
2016-11-18,1211.0
2016-11-17,1226.75
2016-11-16,1229.2
2016-11-15,1226.95
2016-11-14,1213.6
2016-11-11,1236.45
2016-11-10,1267.5
2016-11-09,1281.4
2016-11-08,1282.35
2016-11-07,1283.05
2016-11-04,1302.8
2016-11-03,1301.0
2016-11-02,1303.75
2016-11-01,1288.45
2016-10-31,1272.0
2016-10-28,1273.0
2016-10-27,1266.25
2016-10-26,1270.5
2016-10-25,1269.4
2016-10-24,1265.55
2016-10-21,1266.05
2016-10-20,1271.65
2016-10-19,1269.05
2016-10-18,1258.2
2016-10-17,1254.8
2016-10-14,1251.75
2016-10-13,1261.05
2016-10-12,1256.5
2016-10-11,1253.45
2016-10-10,1259.5
2016-10-07,1258.75
2016-10-06,1254.5
2016-10-05,1269.4
2016-10-04,1283.3
2016-10-03,1313.3
2016-09-30,1322.5
2016-09-29,1318.1
2016-09-28,1322.5
2016-09-27,1327.0
2016-09-26,1340.5
2016-09-23,1338.65
2016-09-22,1339.1
2016-09-21,1326.1
2016-09-20,1313.8
2016-09-19,1314.85
2016-09-16,1308.35
2016-09-15,1310.8
2016-09-14,1321.75
2016-09-13,1323.65
2016-09-12,1324.6
2016-09-09,1330.85
2016-09-08,1343.4
2016-09-07,1348.35
2016-09-06,1337.25
2016-09-05,1326.35
2016-09-02,1324.7
2016-09-01,1309.5
2016-08-31,1309.25
2016-08-30,1318.15
2016-08-29,1318.75
2016-08-26,1318.75
2016-08-25,1321.3
2016-08-24,1327.25
2016-08-23,1342.0
2016-08-22,1335.9
2016-08-19,1346.4
2016-08-18,1350.05
2016-08-17,1343.35
2016-08-16,1344.0
2016-08-15,1339.4
2016-08-12,1352.2
2016-08-11,1355.0
2016-08-10,1347.7
2016-08-09,1341.0
2016-08-08,1336.8
2016-08-05,1340.4
2016-08-04,1362.75
2016-08-03,1358.9
2016-08-02,1363.75
2016-08-01,1349.65
2016-07-29,1342.0
2016-07-28,1341.75
2016-07-27,1329.0
2016-07-26,1323.0
2016-07-25,1313.15
2016-07-22,1320.75
2016-07-21,1321.15
2016-07-20,1315.9
2016-07-19,1330.9
2016-07-18,1334.7
2016-07-15,1327.0
2016-07-14,1323.6
2016-07-13,1342.75
2016-07-12,1342.4
2016-07-11,1357.1
2016-07-08,1354.25
2016-07-07,1356.7
2016-07-06,1366.25
2016-07-05,1350.75
2016-07-04,1350.75
2016-07-01,1340.0
2016-06-30,1320.75
2016-06-29,1321.5
2016-06-28,1309.7
2016-06-27,1324.55
2016-06-24,1315.5
2016-06-23,1262.15
2016-06-22,1264.85
2016-06-21,1272.6
2016-06-20,1281.8
2016-06-17,1290.7
2016-06-16,1310.75
2016-06-15,1283.3
2016-06-14,1287.15
2016-06-13,1280.8
2016-06-10,1275.5
2016-06-09,1263.9
2016-06-08,1263.0
2016-06-07,1241.0
2016-06-06,1244.0
2016-06-03,1240.5
2016-06-02,1212.4
2016-06-01,1214.5
2016-05-31,1212.1
2016-05-30,1216.25
2016-05-27,1216.25
2016-05-26,1223.85
2016-05-25,1220.6
2016-05-24,1236.85
2016-05-23,1245.9
2016-05-20,1254.2
2016-05-19,1246.25
2016-05-18,1272.9
2016-05-17,1277.0
2016-05-16,1285.75
2016-05-13,1265.9
2016-05-12,1279.25
2016-05-11,1276.85
2016-05-10,1262.8
2016-05-09,1265.25
2016-05-06,1289.0
2016-05-05,1280.25
2016-05-04,1283.0
2016-05-03,1294.0
2016-05-02,1285.65
2016-04-29,1285.65
2016-04-28,1256.0
2016-04-27,1247.4
2016-04-26,1241.7
2016-04-25,1238.9
2016-04-22,1243.25
2016-04-21,1249.25
2016-04-20,1252.0
2016-04-19,1255.4
2016-04-18,1234.3
2016-04-15,1227.1
2016-04-14,1233.85
2016-04-13,1245.75
2016-04-12,1254.6
2016-04-11,1254.75
2016-04-08,1239.5
2016-04-07,1242.1
2016-04-06,1221.4
2016-04-05,1231.25
2016-04-04,1219.75
2016-04-01,1213.6
2016-03-31,1237.0
2016-03-30,1236.25
2016-03-29,1226.0
2016-03-28,1221.0
2016-03-25,1221.0
2016-03-24,1221.0
2016-03-23,1217.6
2016-03-22,1252.5
2016-03-21,1244.9
2016-03-18,1252.1
2016-03-17,1266.5
2016-03-16,1228.5
2016-03-15,1232.0
2016-03-14,1242.75
2016-03-11,1264.75
2016-03-10,1266.5
2016-03-09,1246.4
2016-03-08,1267.0
2016-03-07,1267.9
2016-03-04,1277.5
2016-03-03,1250.25
2016-03-02,1239.2
2016-03-01,1236.5
2016-02-29,1234.9
2016-02-26,1226.5
2016-02-25,1236.0
2016-02-24,1250.75
2016-02-23,1221.35
2016-02-22,1211.0
2016-02-19,1231.15
2016-02-18,1210.1
2016-02-17,1210.0
2016-02-16,1209.5
2016-02-15,1208.2
2016-02-12,1239.75
2016-02-11,1241.0
2016-02-10,1190.0
2016-02-09,1191.0
2016-02-08,1193.25
2016-02-05,1150.35
2016-02-04,1156.35
2016-02-03,1132.0
2016-02-02,1128.5
2016-02-01,1126.5
2016-01-29,1111.8
2016-01-28,1114.0
2016-01-27,1116.25
2016-01-26,1113.6
2016-01-25,1106.6
2016-01-22,1096.25
2016-01-21,1096.5
2016-01-20,1101.75
2016-01-19,1086.25
2016-01-18,1089.2
2016-01-15,1093.75
2016-01-14,1088.4
2016-01-13,1088.15
2016-01-12,1085.4
2016-01-11,1100.75
2016-01-08,1101.85
2016-01-07,1106.35
2016-01-06,1091.4
2016-01-05,1077.0
2016-01-04,1082.25
2016-01-01,1060.0
2015-12-31,1060.0
2015-12-30,1060.0
2015-12-29,1070.1
2015-12-28,1068.25
2015-12-25,1068.25
2015-12-24,1068.25
2015-12-23,1068.25
2015-12-22,1074.9
2015-12-21,1078.75
2015-12-18,1062.5
2015-12-17,1049.4
2015-12-16,1075.25
2015-12-15,1061.5
2015-12-14,1068.25
2015-12-11,1072.5
2015-12-10,1071.0
2015-12-09,1081.0
2015-12-08,1072.1
2015-12-07,1075.8
2015-12-04,1079.25
2015-12-03,1055.45
2015-12-02,1055.4
2015-12-01,1065.4
2015-11-30,1061.9
2015-11-27,1057.4
2015-11-26,1071.0
2015-11-25,1068.0
2015-11-24,1076.4
2015-11-23,1070.5
2015-11-20,1081.75
2015-11-19,1082.6
2015-11-18,1067.75
2015-11-17,1079.2
2015-11-16,1084.75
2015-11-13,1081.5
2015-11-12,1087.4
2015-11-11,1085.9
2015-11-10,1087.1
2015-11-09,1089.6
2015-11-06,1088.9
2015-11-05,1106.3
2015-11-04,1114.7
2015-11-03,1123.1
2015-11-02,1134.0
2015-10-30,1142.35
2015-10-29,1148.6
2015-10-28,1179.6
2015-10-27,1165.7
2015-10-26,1166.4
2015-10-23,1161.25
2015-10-22,1167.0
2015-10-21,1167.1
2015-10-20,1177.75
2015-10-19,1175.4
2015-10-16,1180.85
2015-10-15,1184.25
2015-10-14,1173.9
2015-10-13,1165.2
2015-10-12,1164.9
2015-10-09,1151.55
2015-10-08,1140.0
2015-10-07,1144.6
2015-10-06,1147.5
2015-10-05,1139.75
2015-10-02,1140.75
2015-10-01,1119.0
2015-09-30,1114.0
2015-09-29,1132.1
2015-09-28,1131.05
2015-09-25,1146.65
2015-09-24,1154.5
2015-09-23,1131.35
2015-09-22,1122.9
2015-09-21,1133.25
2015-09-18,1141.5
2015-09-17,1117.5
2015-09-16,1117.6
2015-09-15,1105.95
2015-09-14,1104.8
2015-09-11,1100.25
2015-09-10,1109.5
2015-09-09,1109.85
2015-09-08,1121.15
2015-09-07,1119.5
2015-09-04,1118.25
2015-09-03,1128.0
2015-09-02,1137.75
2015-09-01,1142.3
2015-08-31,1135.0
2015-08-28,1135.0
2015-08-27,1119.0
2015-08-26,1120.75
2015-08-25,1137.5
2015-08-24,1166.5
2015-08-21,1156.5
2015-08-20,1147.7
2015-08-19,1126.15
2015-08-18,1111.45
2015-08-17,1118.8
2015-08-14,1118.25
2015-08-13,1116.75
2015-08-12,1119.0
2015-08-11,1108.25
2015-08-10,1097.0
2015-08-07,1093.5
2015-08-06,1089.75
2015-08-05,1085.1
2015-08-04,1090.65
2015-08-03,1091.9
2015-07-31,1098.4
2015-07-30,1087.5
2015-07-29,1090.25
2015-07-28,1096.2
2015-07-27,1100.0
2015-07-24,1080.8
2015-07-23,1097.4
2015-07-22,1088.6
2015-07-21,1105.6
2015-07-20,1104.6
2015-07-17,1132.8
2015-07-16,1144.4
2015-07-15,1147.4
2015-07-14,1157.4
2015-07-13,1154.0
2015-07-10,1159.3
2015-07-09,1164.25
2015-07-08,1158.5
2015-07-07,1156.25
2015-07-06,1166.0
2015-07-03,1167.95
2015-07-02,1165.25
2015-07-01,1168.0
2015-06-30,1171.0
2015-06-29,1176.0
2015-06-26,1170.5
2015-06-25,1172.65
2015-06-24,1173.75
2015-06-23,1178.0
2015-06-22,1185.5
2015-06-19,1203.4
2015-06-18,1201.85
2015-06-17,1178.0
2015-06-16,1177.75
2015-06-15,1181.4
2015-06-12,1182.8
2015-06-11,1178.5
2015-06-10,1188.5
2015-06-09,1177.4
2015-06-08,1172.8
2015-06-05,1164.6
2015-06-04,1176.0
2015-06-03,1190.0
2015-06-02,1192.8
2015-06-01,1199.9
2015-05-29,1191.4
2015-05-28,1185.0
2015-05-27,1185.85
2015-05-26,1185.4
2015-05-25,1204.1
2015-05-22,1204.1
2015-05-21,1205.0
2015-05-20,1210.5
2015-05-19,1214.3
2015-05-18,1223.5
2015-05-15,1220.5
2015-05-14,1225.0
2015-05-13,1210.5
2015-05-12,1191.5
2015-05-11,1189.25
2015-05-08,1186.0
2015-05-07,1187.0
2015-05-06,1194.25
2015-05-05,1197.0
2015-05-04,1175.95
2015-05-01,1175.95
2015-04-30,1180.25
2015-04-29,1209.0
2015-04-28,1209.0
2015-04-27,1200.0
2015-04-24,1183.0
2015-04-23,1185.75
2015-04-22,1189.25
2015-04-21,1195.3
2015-04-20,1196.5
2015-04-17,1203.35
2015-04-16,1204.35
2015-04-15,1192.9
2015-04-14,1194.75
2015-04-13,1198.9
2015-04-10,1207.35
2015-04-09,1194.8
2015-04-08,1207.25
2015-04-07,1211.0
2015-04-06,1198.5
2015-04-03,1198.5
2015-04-02,1198.5
2015-04-01,1197.0
2015-03-31,1187.0
2015-03-30,1185.5
2015-03-27,1195.75
2015-03-26,1203.15
2015-03-25,1195.6
2015-03-24,1191.5
2015-03-23,1186.25
2015-03-20,1183.1
2015-03-19,1166.0
2015-03-18,1147.25
2015-03-17,1150.75
2015-03-16,1150.75
2015-03-13,1152.0
2015-03-12,1152.25
2015-03-11,1150.0
2015-03-10,1162.0
2015-03-09,1168.5
2015-03-06,1175.75
2015-03-05,1202.0
2015-03-04,1199.5
2015-03-03,1212.75
2015-03-02,1212.5
2015-02-27,1214.0
2015-02-26,1208.25
2015-02-25,1204.75
2015-02-24,1192.5
2015-02-23,1204.5
2015-02-20,1208.25
2015-02-19,1209.5
2015-02-18,1206.0
2015-02-17,1209.5
2015-02-16,1229.25
2015-02-13,1232.5
2015-02-12,1222.5
2015-02-11,1223.75
2015-02-10,1234.5
2015-02-09,1238.5
2015-02-06,1241.0
2015-02-05,1259.25
2015-02-04,1268.5
2015-02-03,1264.25
2015-02-02,1272.5
2015-01-30,1260.25
2015-01-29,1268.75
2015-01-28,1288.0
2015-01-27,1288.5
2015-01-26,1281.25
2015-01-23,1294.75
2015-01-22,1295.75
2015-01-21,1293.5
2015-01-20,1288.75
2015-01-19,1273.75
2015-01-16,1277.5
2015-01-15,1259.0
2015-01-14,1235.0
2015-01-13,1231.5
2015-01-12,1226.5
2015-01-09,1217.75
2015-01-08,1215.5
2015-01-07,1210.5
2015-01-06,1210.25
2015-01-05,1200.0
2015-01-02,1172.0
2015-01-01,1206.0
2014-12-31,1206.0
2014-12-30,1206.0
2014-12-29,1185.5
2014-12-26,1175.75
2014-12-25,1175.75
2014-12-24,1175.75
2014-12-23,1175.75
2014-12-22,1195.25
2014-12-19,1195.5
2014-12-18,1199.0
2014-12-17,1195.75
2014-12-16,1202.5
2014-12-15,1209.25
2014-12-12,1217.0
2014-12-11,1216.25
2014-12-10,1229.0
2014-12-09,1227.0
2014-12-08,1193.0
2014-12-05,1194.0
2014-12-04,1209.0
2014-12-03,1204.75
2014-12-02,1195.0
2014-12-01,1194.0
2014-11-28,1182.75
2014-11-27,1194.75
2014-11-26,1197.5
2014-11-25,1199.0
2014-11-24,1197.5
2014-11-21,1203.75
2014-11-20,1190.0
2014-11-19,1196.0
2014-11-18,1192.75
2014-11-17,1182.5
2014-11-14,1169.0
2014-11-13,1161.75
2014-11-12,1164.5
2014-11-11,1156.5
2014-11-10,1162.0
2014-11-07,1154.5
2014-11-06,1145.0
2014-11-05,1142.0
2014-11-04,1166.5
2014-11-03,1167.75
2014-10-31,1164.25
2014-10-30,1202.0
2014-10-29,1223.5
2014-10-28,1229.25
2014-10-27,1228.75
2014-10-24,1232.75
2014-10-23,1232.75
2014-10-22,1243.75
2014-10-21,1250.25
2014-10-20,1244.5
2014-10-17,1234.25
2014-10-16,1237.75
2014-10-15,1237.5
2014-10-14,1234.75
2014-10-13,1229.0
2014-10-10,1219.0
2014-10-09,1226.75
2014-10-08,1217.0
2014-10-07,1210.5
2014-10-06,1195.75
2014-10-03,1195.0
2014-10-02,1211.75
2014-10-01,1216.5
2014-09-30,1216.5
2014-09-29,1219.5
2014-09-26,1213.75
2014-09-25,1213.75
2014-09-24,1217.25
2014-09-23,1222.0
2014-09-22,1213.5
2014-09-19,1219.75
2014-09-18,1220.5
2014-09-17,1236.0
2014-09-16,1232.25
2014-09-15,1234.25
2014-09-12,1231.5
2014-09-11,1241.25
2014-09-10,1251.0
2014-09-09,1255.75
2014-09-08,1259.0
2014-09-05,1266.0
2014-09-04,1271.5
2014-09-03,1265.5
2014-09-02,1267.0
2014-09-01,1286.5
2014-08-29,1285.75
2014-08-28,1292.0
2014-08-27,1282.75
2014-08-26,1286.0
2014-08-25,1277.25
2014-08-22,1277.25
2014-08-21,1275.25
2014-08-20,1295.0
2014-08-19,1296.5
2014-08-18,1296.75
2014-08-15,1296.0
2014-08-14,1313.5
2014-08-13,1312.0
2014-08-12,1315.75
2014-08-11,1307.25
2014-08-08,1309.75
2014-08-07,1305.25
2014-08-06,1306.5
2014-08-05,1284.75
2014-08-04,1290.5
2014-08-01,1291.25
2014-07-31,1285.25
2014-07-30,1294.5
2014-07-29,1299.25
2014-07-28,1304.5
2014-07-25,1294.75
2014-07-24,1292.75
2014-07-23,1308.0
2014-07-22,1310.25
2014-07-21,1311.5
2014-07-18,1307.25
2014-07-17,1302.5
2014-07-16,1301.0
2014-07-15,1310.0
2014-07-14,1306.0
2014-07-11,1335.0
2014-07-10,1340.25
2014-07-09,1322.75
2014-07-08,1323.0
2014-07-07,1313.0
2014-07-04,1319.25
2014-07-03,1317.5
2014-07-02,1326.5
2014-07-01,1327.5
2014-06-30,1315.0
2014-06-27,1317.5
2014-06-26,1311.75
2014-06-25,1316.75
2014-06-24,1318.5
2014-06-23,1313.5
2014-06-20,1312.5
2014-06-19,1293.0
2014-06-18,1269.75
2014-06-17,1267.5
2014-06-16,1276.25
2014-06-13,1273.0
2014-06-12,1265.75
2014-06-11,1262.0
2014-06-10,1259.5
2014-06-09,1253.5
2014-06-06,1247.5
2014-06-05,1252.5
2014-06-04,1245.25
2014-06-03,1242.75
2014-06-02,1247.25
2014-05-30,1250.5
2014-05-29,1255.0
2014-05-28,1263.5
2014-05-27,1275.5
2014-05-26,1291.5
2014-05-23,1291.5
2014-05-22,1298.5
2014-05-21,1287.25
2014-05-20,1295.5
2014-05-19,1302.0
2014-05-16,1291.5
2014-05-15,1299.0
2014-05-14,1305.25
2014-05-13,1296.5
2014-05-12,1298.75
2014-05-09,1291.25
2014-05-08,1287.0
2014-05-07,1296.0
2014-05-06,1306.25
2014-05-05,1281.25
2014-05-02,1281.25
2014-05-01,1278.5
2014-04-30,1288.5
2014-04-29,1297.75
2014-04-28,1299.0
2014-04-25,1301.25
2014-04-24,1291.5
2014-04-23,1285.25
2014-04-22,1286.75
2014-04-21,1299.0
2014-04-18,1299.0
2014-04-17,1299.0
2014-04-16,1301.5
2014-04-15,1298.0
2014-04-14,1325.75
2014-04-11,1318.0
2014-04-10,1320.5
2014-04-09,1301.75
2014-04-08,1309.5
2014-04-07,1299.0
2014-04-04,1297.25
2014-04-03,1284.0
2014-04-02,1292.0
2014-04-01,1283.75
2014-03-31,1291.75
2014-03-28,1294.75
2014-03-27,1296.0
2014-03-26,1304.0
2014-03-25,1313.5
2014-03-24,1310.75
2014-03-21,1336.0
2014-03-20,1327.0
2014-03-19,1338.0
2014-03-18,1355.75
2014-03-17,1378.5
2014-03-14,1385.0
2014-03-13,1368.75
2014-03-12,1366.0
2014-03-11,1346.25
2014-03-10,1344.0
2014-03-07,1335.25
2014-03-06,1345.25
2014-03-05,1337.0
2014-03-04,1334.75
2014-03-03,1349.5
2014-02-28,1326.5
2014-02-27,1332.25
2014-02-26,1331.75
2014-02-25,1339.0
2014-02-24,1334.75
2014-02-21,1323.25
2014-02-20,1316.25
2014-02-19,1320.5
2014-02-18,1320.75
2014-02-17,1327.5
2014-02-14,1320.0
2014-02-13,1296.0
2014-02-12,1289.5
2014-02-11,1282.0
2014-02-10,1277.0
2014-02-07,1259.25
2014-02-06,1256.5
2014-02-05,1254.5
2014-02-04,1250.25
2014-02-03,1262.0
2014-01-31,1251.0
2014-01-30,1242.5
2014-01-29,1264.0
2014-01-28,1251.25
2014-01-27,1260.5
2014-01-24,1267.0
2014-01-23,1263.0
2014-01-22,1241.0
2014-01-21,1238.0
2014-01-20,1255.75
2014-01-17,1250.0
2014-01-16,1241.5
2014-01-15,1236.0
2014-01-14,1251.5
2014-01-13,1248.0
2014-01-10,1244.25
2014-01-09,1226.0
2014-01-08,1221.0
2014-01-07,1227.5
2014-01-06,1246.25
2014-01-03,1234.5
2014-01-02,1225.0
2014-01-01,1204.5
2013-12-31,1204.5
2013-12-30,1204.5
2013-12-27,1214.5
2013-12-26,1199.0
2013-12-25,1199.0
2013-12-24,1199.0
2013-12-23,1199.0
2013-12-20,1195.25
2013-12-19,1196.0
2013-12-18,1230.5
2013-12-17,1231.75
2013-12-16,1234.75
2013-12-13,1232.0
2013-12-12,1225.25
2013-12-11,1260.75
2013-12-10,1266.25
2013-12-09,1237.0
2013-12-06,1233.0
2013-12-05,1222.5
2013-12-04,1227.5
2013-12-03,1217.25
2013-12-02,1229.5
2013-11-29,1253.0
2013-11-28,1245.5
2013-11-27,1245.0
2013-11-26,1247.5
2013-11-25,1243.0
2013-11-22,1246.25
2013-11-21,1240.0
2013-11-20,1257.0
2013-11-19,1275.75
2013-11-18,1283.5
2013-11-15,1287.25
2013-11-14,1286.0
2013-11-13,1272.5
2013-11-12,1281.25
2013-11-11,1282.5
2013-11-08,1285.5
2013-11-07,1307.25
2013-11-06,1319.0
2013-11-05,1307.25
2013-11-04,1320.5
2013-11-01,1306.75
2013-10-31,1324.0
2013-10-30,1354.75
2013-10-29,1349.25
2013-10-28,1361.0
2013-10-25,1347.75
2013-10-24,1344.75
2013-10-23,1331.25
2013-10-22,1333.0
2013-10-21,1317.5
2013-10-18,1316.5
2013-10-17,1319.25
2013-10-16,1273.5
2013-10-15,1270.5
2013-10-14,1285.5
2013-10-11,1265.5
2013-10-10,1298.5
2013-10-09,1304.0
2013-10-08,1329.5
2013-10-07,1323.5
2013-10-04,1309.75
2013-10-03,1316.0
2013-10-02,1306.25
2013-10-01,1290.75
2013-09-30,1326.5
2013-09-27,1341.0
2013-09-26,1333.0
2013-09-25,1322.75
2013-09-24,1314.25
2013-09-23,1323.0
2013-09-20,1349.25
2013-09-19,1365.5
2013-09-18,1301.0
2013-09-17,1312.25
2013-09-16,1324.0
2013-09-13,1318.5
2013-09-12,1328.0
2013-09-11,1363.75
2013-09-10,1358.25
2013-09-09,1390.0
2013-09-06,1387.0
2013-09-05,1385.0
2013-09-04,1390.0
2013-09-03,1399.5
2013-09-02,1392.25
2013-08-30,1394.75
2013-08-29,1407.75
2013-08-28,1419.5
2013-08-27,1419.25
2013-08-26,1377.5
2013-08-23,1377.5
2013-08-22,1375.5
2013-08-21,1363.0
2013-08-20,1372.5
2013-08-19,1365.0
2013-08-16,1369.25
2013-08-15,1329.75
2013-08-14,1326.5
2013-08-13,1328.5
2013-08-12,1341.0
2013-08-09,1309.0
2013-08-08,1298.25
2013-08-07,1282.5
2013-08-06,1280.5
2013-08-05,1304.75
2013-08-02,1309.25
2013-08-01,1315.0
2013-07-31,1314.5
2013-07-30,1324.15
2013-07-29,1329.75
2013-07-26,1331.0
2013-07-25,1326.0
2013-07-24,1335.0
2013-07-23,1333.5
2013-07-22,1327.0
2013-07-19,1295.75
2013-07-18,1283.25
2013-07-17,1297.25
2013-07-16,1291.5
2013-07-15,1284.75
2013-07-12,1279.75
2013-07-11,1285.0
2013-07-10,1256.0
2013-07-09,1255.5
2013-07-08,1235.25
2013-07-05,1212.75
2013-07-04,1251.75
2013-07-03,1250.0
2013-07-02,1252.5
2013-07-01,1242.75
2013-06-28,1192.0
2013-06-27,1232.75
2013-06-26,1236.25
2013-06-25,1279.0
2013-06-24,1286.75
2013-06-21,1295.25
2013-06-20,1292.5
2013-06-19,1372.75
2013-06-18,1366.75
2013-06-17,1384.75
2013-06-14,1391.25
2013-06-13,1385.0
2013-06-12,1382.75
2013-06-11,1374.25
2013-06-10,1383.25
2013-06-07,1386.0
2013-06-06,1400.0
2013-06-05,1404.0
2013-06-04,1399.5
2013-06-03,1402.5
2013-05-31,1394.5
2013-05-30,1413.5
2013-05-29,1382.5
2013-05-28,1376.5
2013-05-27,1390.25
2013-05-24,1390.25
2013-05-23,1380.5
2013-05-22,1408.5
2013-05-21,1360.75
2013-05-20,1354.75
2013-05-17,1368.75
2013-05-16,1381.0
2013-05-15,1410.0
2013-05-14,1433.75
2013-05-13,1430.75
2013-05-10,1426.5
2013-05-09,1465.5
2013-05-08,1468.0
2013-05-07,1444.25
2013-05-06,1469.25
2013-05-03,1469.25
2013-05-02,1469.25
2013-05-01,1454.75
2013-04-30,1469.0
2013-04-29,1467.5
2013-04-26,1471.5
2013-04-25,1451.0
2013-04-24,1428.5
2013-04-23,1408.0
2013-04-22,1424.5
2013-04-19,1405.5
2013-04-18,1393.75
2013-04-17,1392.0
2013-04-16,1380.0
2013-04-15,1395.0
2013-04-12,1535.5
2013-04-11,1565.0
2013-04-10,1575.0
2013-04-09,1577.25
2013-04-08,1575.0
2013-04-05,1568.0
2013-04-04,1546.5
2013-04-03,1574.75
2013-04-02,1583.5
2013-04-01,1598.25
2013-03-29,1598.25
2013-03-28,1598.25
2013-03-27,1603.0
2013-03-26,1598.0
2013-03-25,1599.25
2013-03-22,1607.75
2013-03-21,1613.75
2013-03-20,1607.5
2013-03-19,1610.75
2013-03-18,1603.75
2013-03-15,1595.5
2013-03-14,1586.0
2013-03-13,1589.25
2013-03-12,1594.0
2013-03-11,1579.0
2013-03-08,1581.75
2013-03-07,1579.5
2013-03-06,1574.0
2013-03-05,1579.75
2013-03-04,1574.25
2013-03-01,1582.25
2013-02-28,1588.5
2013-02-27,1604.25
2013-02-26,1590.5
2013-02-25,1586.25
2013-02-22,1576.5
2013-02-21,1577.0
2013-02-20,1588.5
2013-02-19,1607.75
2013-02-18,1610.75
2013-02-15,1612.25
2013-02-14,1646.0
2013-02-13,1645.0
2013-02-12,1647.5
2013-02-11,1652.0
2013-02-08,1668.25
2013-02-07,1668.0
2013-02-06,1674.25
2013-02-05,1673.5
2013-02-04,1666.0
2013-02-01,1669.0
2013-01-31,1664.75
2013-01-30,1677.5
2013-01-29,1663.5
2013-01-28,1656.5
2013-01-25,1660.0
2013-01-24,1671.0
2013-01-23,1690.25
2013-01-22,1690.5
2013-01-21,1687.5
2013-01-18,1688.5
2013-01-17,1675.0
2013-01-16,1676.25
2013-01-15,1680.5
2013-01-14,1666.5
2013-01-11,1657.5
2013-01-10,1675.0
2013-01-09,1657.75
2013-01-08,1656.0
2013-01-07,1645.25
2013-01-04,1648.0
2013-01-03,1679.5
2013-01-02,1693.75
2013-01-01,1657.5
2012-12-31,1657.5
2012-12-28,1657.5
2012-12-27,1655.5
2012-12-26,1651.5
2012-12-25,1651.5
2012-12-24,1651.5
2012-12-21,1651.5
2012-12-20,1650.5
2012-12-19,1665.0
2012-12-18,1694.0
2012-12-17,1695.75
2012-12-14,1696.25
2012-12-13,1692.75
2012-12-12,1716.25
2012-12-11,1710.0
2012-12-10,1712.5
2012-12-07,1701.5
2012-12-06,1694.25
2012-12-05,1694.0
2012-12-04,1697.75
2012-12-03,1720.0
2012-11-30,1726.0
2012-11-29,1725.0
2012-11-28,1708.0
2012-11-27,1746.25
2012-11-26,1750.5
2012-11-23,1734.5
2012-11-22,1731.0
2012-11-21,1724.0
2012-11-20,1732.25
2012-11-19,1730.5
2012-11-16,1713.5
2012-11-15,1710.0
2012-11-14,1725.75
2012-11-13,1726.25
2012-11-12,1735.25
2012-11-09,1738.25
2012-11-08,1717.0
2012-11-07,1715.25
2012-11-06,1691.0
2012-11-05,1683.5
2012-11-02,1685.0
2012-11-01,1716.25
2012-10-31,1719.0
2012-10-30,1710.0
2012-10-29,1707.0
2012-10-26,1716.0
2012-10-25,1715.5
2012-10-24,1706.5
2012-10-23,1711.0
2012-10-22,1726.75
2012-10-19,1737.0
2012-10-18,1743.0
2012-10-17,1749.0
2012-10-16,1746.5
2012-10-15,1736.0
2012-10-12,1766.75
2012-10-11,1769.0
2012-10-10,1761.25
2012-10-09,1774.0
2012-10-08,1773.5
2012-10-05,1784.0
2012-10-04,1791.75
2012-10-03,1775.25
2012-10-02,1775.5
2012-10-01,1787.0
2012-09-28,1776.0
2012-09-27,1763.0
2012-09-26,1744.75
2012-09-25,1771.5
2012-09-24,1762.5
2012-09-21,1784.5
2012-09-20,1758.5
2012-09-19,1766.75
2012-09-18,1769.5
2012-09-17,1770.0
2012-09-14,1775.5
2012-09-13,1733.25
2012-09-12,1737.0
2012-09-11,1736.75
2012-09-10,1732.0
2012-09-07,1728.0
2012-09-06,1701.0
2012-09-05,1690.0
2012-09-04,1697.0
2012-09-03,1691.5
2012-08-31,1648.5
2012-08-30,1660.5
2012-08-29,1660.0
2012-08-28,1668.0
2012-08-27,1667.0
2012-08-24,1667.0
2012-08-23,1665.25
2012-08-22,1642.0
2012-08-21,1639.5
2012-08-20,1615.0
2012-08-17,1614.75
2012-08-16,1604.5
2012-08-15,1601.75
2012-08-14,1597.75
2012-08-13,1622.5
2012-08-10,1618.5
2012-08-09,1615.0
2012-08-08,1613.25
2012-08-07,1611.0
2012-08-06,1610.0
2012-08-03,1602.0
2012-08-02,1597.0
2012-08-01,1599.0
2012-07-31,1622.0
2012-07-30,1617.75
2012-07-27,1618.25
2012-07-26,1618.0
2012-07-25,1601.0
2012-07-24,1583.25
2012-07-23,1572.25
2012-07-20,1576.25
2012-07-19,1584.0
2012-07-18,1575.25
2012-07-17,1585.25
2012-07-16,1589.75
2012-07-13,1595.5
2012-07-12,1556.25
2012-07-11,1577.0
2012-07-10,1595.25
2012-07-09,1585.0
2012-07-06,1587.0
2012-07-05,1604.0
2012-07-04,1613.5
2012-07-03,1617.5
2012-07-02,1592.0
2012-06-29,1598.5
2012-06-28,1558.5
2012-06-27,1573.5
2012-06-26,1576.0
2012-06-25,1570.0
2012-06-22,1565.5
2012-06-21,1582.0
2012-06-20,1601.0
2012-06-19,1625.5
2012-06-18,1615.5
2012-06-15,1627.25
2012-06-14,1613.5
2012-06-13,1619.5
2012-06-12,1603.5
2012-06-11,1584.0
2012-06-08,1576.5
2012-06-07,1606.0
2012-06-06,1635.0
2012-06-05,1606.0
2012-06-04,1606.0
2012-06-01,1606.0
2012-05-31,1558.0
2012-05-30,1540.0
2012-05-29,1579.5
2012-05-28,1574.6
2012-05-25,1569.5
2012-05-24,1568.5
2012-05-23,1549.0
2012-05-22,1582.5
2012-05-21,1592.5
2012-05-18,1589.5
2012-05-17,1554.0
2012-05-16,1548.5
2012-05-15,1556.5
2012-05-14,1558.5
2012-05-11,1583.0
2012-05-10,1598.5
2012-05-09,1582.5
2012-05-08,1602.5
2012-05-07,1643.75
2012-05-04,1643.75
2012-05-03,1637.75
2012-05-02,1648.0
2012-05-01,1664.0
2012-04-30,1651.25
2012-04-27,1663.5
2012-04-26,1653.5
2012-04-25,1637.75
2012-04-24,1649.5
2012-04-23,1629.0
2012-04-20,1641.5
2012-04-19,1650.0
2012-04-18,1644.0
2012-04-17,1635.5
2012-04-16,1653.0
2012-04-13,1666.5
2012-04-12,1668.5
2012-04-11,1658.0
2012-04-10,1644.0
2012-04-09,1631.0
2012-04-06,1631.0
2012-04-05,1631.0
2012-04-04,1621.0
2012-04-03,1676.25
2012-04-02,1677.5
2012-03-30,1662.5
2012-03-29,1657.5
2012-03-28,1676.0
2012-03-27,1692.0
2012-03-26,1680.25
2012-03-23,1664.0
2012-03-22,1635.5
2012-03-21,1649.25
2012-03-20,1656.75
2012-03-19,1661.5
2012-03-16,1658.0
2012-03-15,1648.0
2012-03-14,1644.25
2012-03-13,1690.0
2012-03-12,1697.5
2012-03-09,1687.5
2012-03-08,1690.0
2012-03-07,1677.5
2012-03-06,1669.0
2012-03-05,1705.0
2012-03-02,1707.0
2012-03-01,1714.0
2012-02-29,1770.0
2012-02-28,1781.0
2012-02-27,1772.0
2012-02-24,1777.5
2012-02-23,1777.0
2012-02-22,1752.0
2012-02-21,1748.0
2012-02-20,1733.0
2012-02-17,1723.0
2012-02-16,1713.0
2012-02-15,1733.0
2012-02-14,1722.0
2012-02-13,1720.0
2012-02-10,1711.5
2012-02-09,1748.0
2012-02-08,1746.0
2012-02-07,1724.0
2012-02-06,1719.0
2012-02-03,1734.0
2012-02-02,1751.0
2012-02-01,1740.0
2012-01-31,1744.0
2012-01-30,1729.0
2012-01-27,1726.0
2012-01-26,1727.0
2012-01-25,1650.0
2012-01-24,1665.5
2012-01-23,1675.5
2012-01-20,1653.0
2012-01-19,1655.0
2012-01-18,1647.0
2012-01-17,1656.0
2012-01-16,1641.0
2012-01-13,1635.5
2012-01-12,1661.0
2012-01-11,1634.5
2012-01-10,1637.0
2012-01-09,1615.0
2012-01-06,1616.5
2012-01-05,1599.0
2012-01-04,1613.0
2012-01-03,1598.0
2012-01-02,1531.0
2011-12-30,1531.0
2011-12-29,1531.0
2011-12-28,1571.0
2011-12-27,1606.5
2011-12-26,1606.5
2011-12-23,1606.5
2011-12-22,1606.5
2011-12-21,1608.0
2011-12-20,1613.5
2011-12-19,1598.0
2011-12-16,1594.0
2011-12-15,1574.0
2011-12-14,1603.0
2011-12-13,1672.5
2011-12-12,1659.5
2011-12-09,1709.0
2011-12-08,1715.0
2011-12-07,1735.5
2011-12-06,1708.0
2011-12-05,1744.0
2011-12-02,1747.0
2011-12-01,1752.0
2011-11-30,1746.0
2011-11-29,1717.0
2011-11-28,1714.0
2011-11-25,1688.5
2011-11-24,1692.5
2011-11-23,1681.0
2011-11-22,1699.0
2011-11-21,1702.0
2011-11-18,1719.0
2011-11-17,1742.5
2011-11-16,1756.0
2011-11-15,1785.0
2011-11-14,1776.0
2011-11-11,1773.0
2011-11-10,1756.0
2011-11-09,1784.0
2011-11-08,1795.0
2011-11-07,1782.0
2011-11-04,1749.0
2011-11-03,1758.0
2011-11-02,1743.0
2011-11-01,1699.0
2011-10-31,1722.0
2011-10-28,1741.0
2011-10-27,1718.0
2011-10-26,1715.0
2011-10-25,1656.0
2011-10-24,1652.0
2011-10-21,1642.5
2011-10-20,1620.0
2011-10-19,1652.5
2011-10-18,1631.0
2011-10-17,1682.0
2011-10-14,1678.0
2011-10-13,1656.0
2011-10-12,1682.0
2011-10-11,1663.0
2011-10-10,1661.0
2011-10-07,1652.0
2011-10-06,1635.0
2011-10-05,1617.0
2011-10-04,1638.0
2011-10-03,1655.5
2011-09-30,1620.0
2011-09-29,1613.0
2011-09-28,1643.0
2011-09-27,1659.0
2011-09-26,1598.0
2011-09-23,1689.0
2011-09-22,1722.0
2011-09-21,1793.0
2011-09-20,1799.0
2011-09-19,1794.0
2011-09-16,1794.0
2011-09-15,1782.0
2011-09-14,1818.5
2011-09-13,1820.0
2011-09-12,1834.0
2011-09-09,1851.0
2011-09-08,1855.0
2011-09-07,1810.0
2011-09-06,1895.0
2011-09-05,1895.0
2011-09-02,1875.25
2011-09-01,1821.0
2011-08-31,1813.5
2011-08-30,1825.0
2011-08-29,1788.0
2011-08-26,1788.0
2011-08-25,1729.0
2011-08-24,1770.0
2011-08-23,1876.0
2011-08-22,1877.5
2011-08-19,1848.0
2011-08-18,1824.0
2011-08-17,1790.0
2011-08-16,1782.5
2011-08-15,1739.0
2011-08-12,1736.0
2011-08-11,1760.0
2011-08-10,1772.0
2011-08-09,1736.0
2011-08-08,1693.0
2011-08-05,1658.75
2011-08-04,1679.5
2011-08-03,1669.25
2011-08-02,1637.75
2011-08-01,1623.0
2011-07-29,1628.5
2011-07-28,1613.5
2011-07-27,1625.0
2011-07-26,1612.75
2011-07-25,1613.5
2011-07-22,1602.0
2011-07-21,1601.0
2011-07-20,1586.0
2011-07-19,1601.0
2011-07-18,1599.0
2011-07-15,1587.0
2011-07-14,1590.5
2011-07-13,1579.0
2011-07-12,1550.5
2011-07-11,1555.5
2011-07-08,1541.5
2011-07-07,1527.5
2011-07-06,1527.25
2011-07-05,1510.0
2011-07-04,1495.0
2011-07-01,1483.0
2011-06-30,1505.5
2011-06-29,1504.25
2011-06-28,1499.0
2011-06-27,1498.0
2011-06-24,1514.75
2011-06-23,1523.0
2011-06-22,1552.5
2011-06-21,1544.75
2011-06-20,1544.0
2011-06-17,1537.5
2011-06-16,1523.25
2011-06-15,1529.75
2011-06-14,1516.0
2011-06-13,1526.25
2011-06-10,1529.25
2011-06-09,1537.75
2011-06-08,1537.75
2011-06-07,1545.0
2011-06-06,1549.0
2011-06-03,1540.0
2011-06-02,1539.5
2011-06-01,1533.75
2011-05-31,1536.5
2011-05-30,1533.0
2011-05-27,1533.0
2011-05-26,1518.5
2011-05-25,1526.25
2011-05-24,1527.0
2011-05-23,1510.5
2011-05-20,1490.75
2011-05-19,1493.0
2011-05-18,1496.5
2011-05-17,1478.5
2011-05-16,1500.75
2011-05-13,1505.75
2011-05-12,1489.5
2011-05-11,1508.0
2011-05-10,1513.5
2011-05-09,1502.0
2011-05-06,1486.5
2011-05-05,1511.0
2011-05-04,1541.0
2011-05-03,1540.25
2011-05-02,1535.5
2011-04-29,1535.5
2011-04-28,1535.5
2011-04-27,1511.0
2011-04-26,1497.5
2011-04-25,1504.0
2011-04-22,1504.0
2011-04-21,1504.0
2011-04-20,1501.0
2011-04-19,1490.5
2011-04-18,1493.0
2011-04-15,1476.75
2011-04-14,1465.75
2011-04-13,1457.5
2011-04-12,1450.5
2011-04-11,1468.0
2011-04-08,1469.5
2011-04-07,1459.5
2011-04-06,1461.5
2011-04-05,1433.5
2011-04-04,1435.5
2011-04-01,1418.0
2011-03-31,1439.0
2011-03-30,1425.5
2011-03-29,1417.5
2011-03-28,1417.0
2011-03-25,1436.0
2011-03-24,1447.0
2011-03-23,1439.5
2011-03-22,1426.0
2011-03-21,1432.0
2011-03-18,1420.0
2011-03-17,1403.75
2011-03-16,1402.0
2011-03-15,1400.5
2011-03-14,1422.25
2011-03-11,1411.5
2011-03-10,1413.25
2011-03-09,1431.0
2011-03-08,1426.25
2011-03-07,1437.5
2011-03-04,1427.0
2011-03-03,1421.5
2011-03-02,1435.5
2011-03-01,1420.75
2011-02-28,1411.0
2011-02-25,1402.5
2011-02-24,1411.5
2011-02-23,1409.25
2011-02-22,1401.0
2011-02-21,1403.0
2011-02-18,1383.5
2011-02-17,1379.0
2011-02-16,1371.25
2011-02-15,1372.75
2011-02-14,1365.0
2011-02-11,1364.0
2011-02-10,1353.25
2011-02-09,1365.0
2011-02-08,1363.5
2011-02-07,1347.5
2011-02-04,1355.0
2011-02-03,1328.0
2011-02-02,1337.0
2011-02-01,1331.5
2011-01-31,1327.0
2011-01-28,1319.0
2011-01-27,1334.5
2011-01-26,1328.0
2011-01-25,1324.0
2011-01-24,1343.0
2011-01-21,1343.5
2011-01-20,1345.5
2011-01-19,1372.0
2011-01-18,1369.5
2011-01-17,1360.5
2011-01-14,1367.0
2011-01-13,1381.5
2011-01-12,1378.75
2011-01-11,1374.0
2011-01-10,1368.25
2011-01-07,1367.0
2011-01-06,1368.5
2011-01-05,1368.0
2011-01-04,1388.5
2011-01-03,1405.5
2010-12-31,1405.5
2010-12-30,1405.5
2010-12-29,1412.5
2010-12-28,1373.5
2010-12-27,1373.5
2010-12-24,1373.5
2010-12-23,1373.5
2010-12-22,1387.0
2010-12-21,1383.0
2010-12-20,1380.0
2010-12-17,1368.5
2010-12-16,1363.0
2010-12-15,1388.75
2010-12-14,1394.5
2010-12-13,1399.0
2010-12-10,1375.25
2010-12-09,1391.25
2010-12-08,1385.5
2010-12-07,1420.0
2010-12-06,1415.25
2010-12-03,1403.5
2010-12-02,1389.0
2010-12-01,1385.5
2010-11-30,1383.5
2010-11-29,1357.0
2010-11-26,1355.0
2010-11-25,1373.25
2010-11-24,1372.5
2010-11-23,1377.5
2010-11-22,1356.5
2010-11-19,1342.5
2010-11-18,1350.25
2010-11-17,1337.5
2010-11-16,1349.0
2010-11-15,1368.5
2010-11-12,1388.5
2010-11-11,1398.5
2010-11-10,1390.5
2010-11-09,1421.0
2010-11-08,1388.5
2010-11-05,1395.5
2010-11-04,1381.0
2010-11-03,1345.5
2010-11-02,1351.0
2010-11-01,1354.5
2010-10-29,1346.75
2010-10-28,1333.5
2010-10-27,1324.5
2010-10-26,1329.5
2010-10-25,1337.5
2010-10-22,1322.5
2010-10-21,1343.5
2010-10-20,1339.0
2010-10-19,1339.0
2010-10-18,1367.25
2010-10-15,1367.5
2010-10-14,1373.25
2010-10-13,1365.5
2010-10-12,1348.5
2010-10-11,1351.5
2010-10-08,1341.5
2010-10-07,1345.0
2010-10-06,1346.5
2010-10-05,1330.5
2010-10-04,1313.5
2010-10-01,1316.25
2010-09-30,1307.0
2010-09-29,1307.5
2010-09-28,1294.0
2010-09-27,1297.0
2010-09-24,1297.0
2010-09-23,1290.75
2010-09-22,1293.5
2010-09-21,1275.0
2010-09-20,1279.25
2010-09-17,1274.0
2010-09-16,1272.5
2010-09-15,1267.0
2010-09-14,1265.5
2010-09-13,1243.75
2010-09-10,1246.5
2010-09-09,1255.0
2010-09-08,1255.0
2010-09-07,1256.75
2010-09-06,1249.0
2010-09-03,1240.5
2010-09-02,1248.5
2010-09-01,1246.5
2010-08-31,1246.0
2010-08-30,1235.0
2010-08-27,1235.0
2010-08-26,1237.0
2010-08-25,1237.5
2010-08-24,1222.0
2010-08-23,1226.0
2010-08-20,1223.5
2010-08-19,1233.5
2010-08-18,1218.0
2010-08-17,1226.0
2010-08-16,1223.5
2010-08-13,1214.25
2010-08-12,1213.0
2010-08-11,1205.5
2010-08-10,1192.5
2010-08-09,1203.0
2010-08-06,1207.75
2010-08-05,1192.5
2010-08-04,1199.5
2010-08-03,1187.5
2010-08-02,1188.5
2010-07-30,1169.0
2010-07-29,1162.5
2010-07-28,1157.0
2010-07-27,1168.0
2010-07-26,1183.5
2010-07-23,1190.5
2010-07-22,1199.5
2010-07-21,1191.5
2010-07-20,1183.0
2010-07-19,1181.0
2010-07-16,1189.25
2010-07-15,1208.0
2010-07-14,1207.0
2010-07-13,1216.0
2010-07-12,1205.5
2010-07-09,1208.75
2010-07-08,1193.5
2010-07-07,1193.25
2010-07-06,1195.0
2010-07-05,1208.0
2010-07-02,1201.5
2010-07-01,1234.0
2010-06-30,1244.0
2010-06-29,1234.5
2010-06-28,1261.0
2010-06-25,1254.0
2010-06-24,1236.25
2010-06-23,1226.5
2010-06-22,1236.0
2010-06-21,1254.5
2010-06-18,1256.0
2010-06-17,1245.0
2010-06-16,1234.5
2010-06-15,1225.0
2010-06-14,1223.75
2010-06-11,1220.0
2010-06-10,1217.5
2010-06-09,1233.5
2010-06-08,1246.0
2010-06-07,1215.0
2010-06-04,1203.5
2010-06-03,1215.0
2010-06-02,1215.0
2010-06-01,1227.75
2010-05-31,1207.5
2010-05-28,1207.5
2010-05-27,1211.0
2010-05-26,1212.0
2010-05-25,1198.25
2010-05-24,1187.0
2010-05-21,1179.75
2010-05-20,1192.0
2010-05-19,1195.0
2010-05-18,1216.75
2010-05-17,1236.0
2010-05-14,1236.5
2010-05-13,1237.5
2010-05-12,1237.5
2010-05-11,1222.5
2010-05-10,1196.5
2010-05-07,1202.25
2010-05-06,1185.25
2010-05-05,1165.0
2010-05-04,1185.0
2010-05-03,1179.25
2010-04-30,1179.25
2010-04-29,1166.75
2010-04-28,1161.0
2010-04-27,1149.5
2010-04-26,1154.5
2010-04-23,1139.5
2010-04-22,1133.75
2010-04-21,1143.0
2010-04-20,1144.75
2010-04-19,1136.25
2010-04-16,1151.5
2010-04-15,1154.5
2010-04-14,1153.75
2010-04-13,1148.25
2010-04-12,1158.75
2010-04-09,1152.5
2010-04-08,1148.0
2010-04-07,1142.0
2010-04-06,1132.75
2010-04-05,1123.5
2010-04-02,1123.5
2010-04-01,1123.5
2010-03-31,1115.5
2010-03-30,1107.0
2010-03-29,1107.5
2010-03-26,1096.5
2010-03-25,1093.0
2010-03-24,1090.75
2010-03-23,1101.5
2010-03-22,1097.25
2010-03-19,1105.5
2010-03-18,1122.75
2010-03-17,1121.75
2010-03-16,1124.75
2010-03-15,1104.25
2010-03-12,1106.25
2010-03-11,1104.0
2010-03-10,1120.5
2010-03-09,1115.75
2010-03-08,1125.75
2010-03-05,1135.0
2010-03-04,1134.5
2010-03-03,1136.5
2010-03-02,1126.5
2010-03-01,1114.0
2010-02-26,1108.25
2010-02-25,1094.5
2010-02-24,1103.0
2010-02-23,1107.0
2010-02-22,1115.25
2010-02-19,1112.75
2010-02-18,1118.0
2010-02-17,1119.0
2010-02-16,1115.25
2010-02-15,1098.25
2010-02-12,1082.0
2010-02-11,1076.25
2010-02-10,1069.5
2010-02-09,1071.25
2010-02-08,1064.0
2010-02-05,1058.0
2010-02-04,1083.25
2010-02-03,1115.25
2010-02-02,1111.0
2010-02-01,1086.5
2010-01-29,1078.5
2010-01-28,1088.0
2010-01-27,1094.75
2010-01-26,1093.25
2010-01-25,1095.25
2010-01-22,1084.0
2010-01-21,1108.25
2010-01-20,1120.25
2010-01-19,1133.0
2010-01-18,1134.5
2010-01-15,1128.0
2010-01-14,1138.25
2010-01-13,1127.25
2010-01-12,1151.25
2010-01-11,1153.0
2010-01-08,1126.75
2010-01-07,1130.25
2010-01-06,1130.0
2010-01-05,1123.25
2010-01-04,1121.5
2010-01-01,1087.5
2009-12-31,1087.5
2009-12-30,1087.5
2009-12-29,1106.0
2009-12-28,1085.25
2009-12-25,1085.25
2009-12-24,1085.25
2009-12-23,1085.25
2009-12-22,1084.0
2009-12-21,1105.5
2009-12-18,1104.5
2009-12-17,1117.0
2009-12-16,1137.5
2009-12-15,1122.0
2009-12-14,1123.75
2009-12-11,1124.0
2009-12-10,1128.5
2009-12-09,1141.0
2009-12-08,1146.75
2009-12-07,1142.5
2009-12-04,1190.25
2009-12-03,1208.75
2009-12-02,1212.5
2009-12-01,1192.5
2009-11-30,1175.75
2009-11-27,1166.5
2009-11-26,1182.75
2009-11-25,1179.75
2009-11-24,1163.25
2009-11-23,1169.5
2009-11-20,1140.0
2009-11-19,1135.5
2009-11-18,1149.0
2009-11-17,1134.75
2009-11-16,1130.0
2009-11-13,1104.0
2009-11-12,1114.75
2009-11-11,1115.25
2009-11-10,1101.5
2009-11-09,1106.75
2009-11-06,1096.75
2009-11-05,1089.0
2009-11-04,1090.0
2009-11-03,1061.0
2009-11-02,1062.0
2009-10-30,1040.0
2009-10-29,1040.5
2009-10-28,1031.75
2009-10-27,1036.5
2009-10-26,1054.0
2009-10-23,1061.75
2009-10-22,1053.0
2009-10-21,1053.75
2009-10-20,1061.75
2009-10-19,1050.5
2009-10-16,1047.5
2009-10-15,1053.5
2009-10-14,1059.5
2009-10-13,1057.5
2009-10-12,1058.75
2009-10-09,1051.5
2009-10-08,1045.0
2009-10-07,1040.25
2009-10-06,1038.75
2009-10-05,1005.5
2009-10-02,1003.5
2009-10-01,1004.75
2009-09-30,995.75
2009-09-29,989.5
2009-09-28,991.75
2009-09-25,991.5
2009-09-24,1009.75
2009-09-23,1010.25
2009-09-22,1014.0
2009-09-21,997.0
2009-09-18,1012.0
2009-09-17,1018.5
2009-09-16,1015.75
2009-09-15,996.0
2009-09-14,999.25
2009-09-11,1008.25
2009-09-10,990.75
2009-09-09,999.5
2009-09-08,1000.75
2009-09-07,993.0
2009-09-04,989.0
2009-09-03,983.0
2009-09-02,964.75
2009-09-01,955.0
2009-08-31,955.5
2009-08-28,955.5
2009-08-27,943.0
2009-08-26,940.5
2009-08-25,950.5
2009-08-24,951.5
2009-08-21,952.5
2009-08-20,940.5
2009-08-19,943.0
2009-08-18,935.0
2009-08-17,932.75
2009-08-14,953.5
2009-08-13,953.5
2009-08-12,947.25
2009-08-11,942.75
2009-08-10,945.0
2009-08-07,956.0
2009-08-06,964.0
2009-08-05,960.5
2009-08-04,960.5
2009-08-03,959.75
2009-07-31,939.0
2009-07-30,932.5
2009-07-29,931.0
2009-07-28,944.25
2009-07-27,955.0
2009-07-24,951.5
2009-07-23,950.0
2009-07-22,948.25
2009-07-21,947.75
2009-07-20,952.75
2009-07-17,937.5
2009-07-16,935.0
2009-07-15,938.0
2009-07-14,924.75
2009-07-13,908.5
2009-07-10,913.0
2009-07-09,911.75
2009-07-08,918.0
2009-07-07,924.0
2009-07-06,924.5
2009-07-03,932.5
2009-07-02,929.5
2009-07-01,938.25
2009-06-30,934.5
2009-06-29,935.5
2009-06-26,942.0
2009-06-25,937.25
2009-06-24,933.5
2009-06-23,920.75
2009-06-22,919.25
2009-06-19,935.25
2009-06-18,940.5
2009-06-17,930.5
2009-06-16,934.0
2009-06-15,932.25
2009-06-12,937.25
2009-06-11,947.5
2009-06-10,953.75
2009-06-09,956.0
2009-06-08,943.75
2009-06-05,962.0
2009-06-04,970.75
2009-06-03,976.75
2009-06-02,980.0
2009-06-01,981.75
2009-05-29,975.5
2009-05-28,957.75
2009-05-27,951.0
2009-05-26,945.0
2009-05-25,959.75
2009-05-22,959.75
2009-05-21,937.5
2009-05-20,939.5
2009-05-19,924.75
2009-05-18,921.0
2009-05-15,929.5
2009-05-14,925.25
2009-05-13,924.0
2009-05-12,917.0
2009-05-11,913.0
2009-05-08,907.0
2009-05-07,912.25
2009-05-06,910.0
2009-05-05,910.0
2009-05-04,884.5
2009-05-01,884.5
2009-04-30,883.25
2009-04-29,898.25
2009-04-28,891.0
2009-04-27,907.5
2009-04-24,907.5
2009-04-23,897.5
2009-04-22,886.0
2009-04-21,888.75
2009-04-20,877.0
2009-04-17,870.5
2009-04-16,880.5
2009-04-15,891.0
2009-04-14,887.5
2009-04-13,880.5
2009-04-10,880.5
2009-04-09,880.5
2009-04-08,880.0
2009-04-07,879.75
2009-04-06,870.25
2009-04-03,905.0
2009-04-02,897.75
2009-04-01,924.5
2009-03-31,916.5
2009-03-30,928.0
2009-03-27,924.0
2009-03-26,938.25
2009-03-25,929.0
2009-03-24,923.75
2009-03-23,949.25
2009-03-20,954.0
2009-03-19,956.5
2009-03-18,893.25
2009-03-17,915.5
2009-03-16,919.5
2009-03-13,928.0
2009-03-12,925.25
2009-03-11,899.5
2009-03-10,901.5
2009-03-09,923.75
2009-03-06,936.0
2009-03-05,913.0
2009-03-04,908.5
2009-03-03,913.75
2009-03-02,937.25
2009-02-27,952.0
2009-02-26,936.5
2009-02-25,978.5
2009-02-24,984.25
2009-02-23,985.75
2009-02-20,989.0
2009-02-19,980.5
2009-02-18,964.0
2009-02-17,968.0
2009-02-16,942.5
2009-02-13,935.5
2009-02-12,943.25
2009-02-11,938.0
2009-02-10,909.75
2009-02-09,895.0
2009-02-06,913.0
2009-02-05,920.0
2009-02-04,905.0
2009-02-03,904.5
2009-02-02,918.25
2009-01-30,919.5
2009-01-29,892.25
2009-01-28,895.25
2009-01-27,897.5
2009-01-26,910.25
2009-01-23,875.75
2009-01-22,860.0
2009-01-21,849.25
2009-01-20,853.25
2009-01-19,833.0
2009-01-16,833.75
2009-01-15,810.0
2009-01-14,821.5
2009-01-13,826.5
2009-01-12,827.0
2009-01-09,847.25
2009-01-08,855.75
2009-01-07,848.5
2009-01-06,848.25
2009-01-05,853.5
2009-01-02,874.5
2009-01-01,869.75
2008-12-31,869.75
2008-12-30,869.75
2008-12-29,880.25
2008-12-26,843.5
2008-12-25,843.5
2008-12-24,843.5
2008-12-23,843.5
2008-12-22,849.0
2008-12-19,835.75
2008-12-18,855.25
2008-12-17,870.0
2008-12-16,838.25
2008-12-15,826.0
2008-12-12,826.5
2008-12-11,827.75
2008-12-10,802.25
2008-12-09,767.75
2008-12-08,767.25
2008-12-05,749.0
2008-12-04,773.25
2008-12-03,766.25
2008-12-02,780.0
2008-12-01,778.0
2008-11-28,814.5
2008-11-27,814.0
2008-11-26,812.5
2008-11-25,820.5
2008-11-24,822.5
2008-11-21,774.5
2008-11-20,738.0
2008-11-19,762.0
2008-11-18,738.0
2008-11-17,734.0
2008-11-14,747.5
2008-11-13,713.5
2008-11-12,724.75
2008-11-11,733.75
2008-11-10,753.0
2008-11-07,735.25
2008-11-06,754.5
2008-11-05,753.75
2008-11-04,741.25
2008-11-03,729.5
2008-10-31,730.75
2008-10-30,755.25
2008-10-29,764.0
2008-10-28,730.5
2008-10-27,730.5
2008-10-24,712.5
2008-10-23,720.0
2008-10-22,744.0
2008-10-21,772.0
2008-10-20,795.0
2008-10-17,784.5
2008-10-16,802.5
2008-10-15,847.0
2008-10-14,832.5
2008-10-13,831.5
2008-10-10,900.5
2008-10-09,883.5
2008-10-08,903.5
2008-10-07,876.75
2008-10-06,875.5
2008-10-03,828.0
2008-10-02,852.0
2008-10-01,880.0
2008-09-30,884.5
2008-09-29,905.0
2008-09-26,902.0
2008-09-25,888.5
2008-09-24,896.0
2008-09-23,899.0
2008-09-22,889.0
2008-09-19,869.0
2008-09-18,863.0
2008-09-17,813.0
2008-09-16,779.5
2008-09-15,775.0
2008-09-12,750.25
2008-09-11,740.75
2008-09-10,775.75
2008-09-09,781.75
2008-09-08,808.0
2008-09-05,808.5
2008-09-04,805.75
2008-09-03,803.5
2008-09-02,798.5
2008-09-01,822.25
2008-08-29,833.0
2008-08-28,838.25
2008-08-27,827.0
2008-08-26,827.0
2008-08-25,824.0
2008-08-22,824.0
2008-08-21,833.5
2008-08-20,815.75
2008-08-19,788.75
2008-08-18,796.25
2008-08-15,786.5
2008-08-14,818.0
2008-08-13,818.5
2008-08-12,817.75
2008-08-11,852.5
2008-08-08,852.5
2008-08-07,871.5
2008-08-06,879.5
2008-08-05,882.0
2008-08-04,905.75
2008-08-01,912.5
2008-07-31,918.0
2008-07-30,897.5
2008-07-29,916.75
2008-07-28,923.5
2008-07-25,920.5
2008-07-24,928.0
2008-07-23,926.5
2008-07-22,961.5
2008-07-21,960.5
2008-07-18,959.75
2008-07-17,965.5
2008-07-16,977.5
2008-07-15,986.0
2008-07-14,968.0
2008-07-11,962.75
2008-07-10,939.5
2008-07-09,927.25
2008-07-08,921.0
2008-07-07,916.75
2008-07-04,931.25
2008-07-03,934.0
2008-07-02,935.25
2008-07-01,937.5
2008-06-30,930.25
2008-06-27,919.5
2008-06-26,909.5
2008-06-25,882.75
2008-06-24,889.5
2008-06-23,881.0
2008-06-20,907.5
2008-06-19,903.0
2008-06-18,887.5
2008-06-17,881.5
2008-06-16,888.25
2008-06-13,866.0
2008-06-12,862.25
2008-06-11,876.25
2008-06-10,878.0
2008-06-09,896.25
2008-06-06,890.5
2008-06-05,878.75
2008-06-04,883.5
2008-06-03,879.25
2008-06-02,888.25
2008-05-30,885.75
2008-05-29,883.0
2008-05-28,902.5
2008-05-27,906.75
2008-05-26,927.5
2008-05-23,927.5
2008-05-22,922.75
2008-05-21,923.0
2008-05-20,914.5
2008-05-19,906.5
2008-05-16,897.0
2008-05-15,881.25
2008-05-14,866.5
2008-05-13,865.0
2008-05-12,883.5
2008-05-09,876.0
2008-05-08,877.0
2008-05-07,868.25
2008-05-06,880.0
2008-05-05,853.5
2008-05-02,853.5
2008-05-01,853.0
2008-04-30,871.0
2008-04-29,880.0
2008-04-28,890.5
2008-04-25,891.5
2008-04-24,895.5
2008-04-23,898.5
2008-04-22,918.0
2008-04-21,918.5
2008-04-18,908.75
2008-04-17,946.0
2008-04-16,945.0
2008-04-15,929.75
2008-04-14,926.5
2008-04-11,927.75
2008-04-10,928.0
2008-04-09,917.0
2008-04-08,915.0
2008-04-07,926.5
2008-04-04,905.5
2008-04-03,896.5
2008-04-02,890.0
2008-04-01,887.75
2008-03-31,933.5
2008-03-28,934.25
2008-03-27,946.75
2008-03-26,946.75
2008-03-25,926.75
2008-03-24,925.75
2008-03-21,925.75
2008-03-20,925.75
2008-03-19,958.5
2008-03-18,1006.75
2008-03-17,1011.25
2008-03-14,1003.5
2008-03-13,995.0
2008-03-12,975.5
2008-03-11,970.0
2008-03-10,969.25
2008-03-07,972.5
2008-03-06,976.5
2008-03-05,974.5
2008-03-04,984.75
2008-03-03,988.5
2008-02-29,971.5
2008-02-28,959.75
2008-02-27,959.5
2008-02-26,937.0
2008-02-25,937.75
2008-02-22,943.0
2008-02-21,945.0
2008-02-20,920.0
2008-02-19,924.0
2008-02-18,903.25
2008-02-15,912.5
2008-02-14,906.0
2008-02-13,899.0
2008-02-12,917.0
2008-02-11,918.0
2008-02-08,916.25
2008-02-07,899.75
2008-02-06,903.0
2008-02-05,887.5
2008-02-04,893.75
2008-02-01,914.75
2008-01-31,923.25
2008-01-30,919.0
2008-01-29,924.5
2008-01-28,921.75
2008-01-25,918.25
2008-01-24,909.25
2008-01-23,888.25
2008-01-22,875.0
2008-01-21,871.25
2008-01-18,882.0
2008-01-17,888.25
2008-01-16,889.75
2008-01-15,913.0
2008-01-14,902.0
2008-01-11,891.0
2008-01-10,884.25
2008-01-09,877.0
2008-01-08,873.5
2008-01-07,859.25
2008-01-04,855.0
2008-01-03,858.85
2008-01-02,846.75
2008-01-01,833.75
2007-12-31,833.75
2007-12-28,833.75
2007-12-27,829.0
2007-12-26,810.5
2007-12-25,810.5
2007-12-24,810.5
2007-12-21,810.5
2007-12-20,795.25
2007-12-19,799.75
2007-12-18,804.25
2007-12-17,790.75
2007-12-14,789.5
2007-12-13,800.7
2007-12-12,814.0
2007-12-11,808.75
2007-12-10,809.5
2007-12-07,792.5
2007-12-06,801.5
2007-12-05,793.0
2007-12-04,797.5
2007-12-03,784.25
2007-11-30,783.5
2007-11-29,794.5
2007-11-28,801.75
2007-11-27,810.75
2007-11-26,830.0
2007-11-23,815.25
2007-11-22,803.25
2007-11-21,798.0
2007-11-20,795.5
2007-11-19,778.85
2007-11-16,789.75
2007-11-15,794.0
2007-11-14,813.5
2007-11-13,804.25
2007-11-12,803.5
2007-11-09,831.5
2007-11-08,841.1
2007-11-07,834.5
2007-11-06,822.5
2007-11-05,804.75
2007-11-02,796.5
2007-11-01,790.25
2007-10-31,789.5
2007-10-30,783.25
2007-10-29,788.5
2007-10-26,779.15
2007-10-25,767.5
2007-10-24,757.5
2007-10-23,758.25
2007-10-22,751.25
2007-10-19,763.0
2007-10-18,764.15
2007-10-17,762.5
2007-10-16,756.75
2007-10-15,758.85
2007-10-12,749.5
2007-10-11,749.0
2007-10-10,741.25
2007-10-09,736.0
2007-10-08,733.75
2007-10-05,737.0
2007-10-04,725.5
2007-10-03,730.25
2007-10-02,731.0
2007-10-01,742.5
2007-09-28,743.0
2007-09-27,731.75
2007-09-26,734.75
2007-09-25,728.5
2007-09-24,730.0
2007-09-21,737.0
2007-09-20,734.5
2007-09-19,725.15
2007-09-18,714.75
2007-09-17,719.0
2007-09-14,716.35
2007-09-13,704.5
2007-09-12,706.0
2007-09-11,704.15
2007-09-10,703.5
2007-09-07,701.0
2007-09-06,688.15
2007-09-05,680.25
2007-09-04,678.75
2007-09-03,672.0
2007-08-31,672.0
2007-08-30,666.0
2007-08-29,664.25
2007-08-28,666.0
2007-08-27,660.85
2007-08-24,660.85
2007-08-23,660.75
2007-08-22,659.5
2007-08-21,657.5
2007-08-20,659.5
2007-08-17,657.5
2007-08-16,662.25
2007-08-15,667.25
2007-08-14,668.35
2007-08-13,668.75
2007-08-10,668.5
2007-08-09,662.6
2007-08-08,675.5
2007-08-07,668.0
2007-08-06,671.5
2007-08-03,670.5
2007-08-02,666.25
2007-08-01,665.75
2007-07-31,665.5
2007-07-30,661.5
2007-07-27,660.5
2007-07-26,670.0
2007-07-25,674.75
2007-07-24,684.3
2007-07-23,682.0
2007-07-20,681.6
2007-07-19,674.5
2007-07-18,666.75
2007-07-17,666.5
2007-07-16,666.0
2007-07-13,666.5
2007-07-12,667.25
2007-07-11,663.0
2007-07-10,661.7
2007-07-09,661.25
2007-07-06,648.75
2007-07-05,651.0
2007-07-04,654.15
2007-07-03,654.25
2007-07-02,654.75
2007-06-29,650.5
2007-06-28,647.25
2007-06-27,642.1
2007-06-26,647.0
2007-06-25,650.75
2007-06-22,652.85
2007-06-21,650.5
2007-06-20,657.7
2007-06-19,656.3
2007-06-18,656.0
2007-06-15,653.1
2007-06-14,653.25
2007-06-13,647.65
2007-06-12,647.25
2007-06-11,650.3
2007-06-08,655.25
2007-06-07,668.75
2007-06-06,669.7
2007-06-05,671.5
2007-06-04,671.1
2007-06-01,666.5
2007-05-31,659.1
2007-05-30,652.65
2007-05-29,660.15
2007-05-28,655.3
2007-05-25,655.3
2007-05-24,659.0
2007-05-23,662.05
2007-05-22,662.0
2007-05-21,658.0
2007-05-18,657.0
2007-05-17,656.75
2007-05-16,667.75
2007-05-15,668.25
2007-05-14,670.2
2007-05-11,669.0
2007-05-10,673.5
2007-05-09,683.0
2007-05-08,684.25
2007-05-07,688.8
2007-05-04,688.8
2007-05-03,674.2
2007-05-02,669.5
2007-05-01,673.6
2007-04-30,677.0
2007-04-27,677.5
2007-04-26,673.0
2007-04-25,684.0
2007-04-24,688.4
2007-04-23,688.7
2007-04-20,691.4
2007-04-19,681.9
2007-04-18,688.75
2007-04-17,688.0
2007-04-16,686.5
2007-04-13,681.75
2007-04-12,677.25
2007-04-11,678.2
2007-04-10,677.4
2007-04-09,673.5
2007-04-06,673.5
2007-04-05,673.5
2007-04-04,672.25
2007-04-03,664.25
2007-04-02,658.25
2007-03-30,661.75
2007-03-29,661.0
2007-03-28,666.75
2007-03-27,664.0
2007-03-26,663.0
2007-03-23,656.25
2007-03-22,663.0
2007-03-21,658.75
2007-03-20,659.0
2007-03-19,655.0
2007-03-16,653.2
2007-03-15,648.5
2007-03-14,643.25
2007-03-13,650.8
2007-03-12,647.75
2007-03-09,652.25
2007-03-08,654.25
2007-03-07,646.4
2007-03-06,643.75
2007-03-05,636.75
2007-03-02,651.9
2007-03-01,670.4
2007-02-28,664.2
2007-02-27,676.2
2007-02-26,685.75
2007-02-23,683.0
2007-02-22,676.6
2007-02-21,661.25
2007-02-20,663.9
2007-02-19,670.75
2007-02-16,665.1
2007-02-15,664.75
2007-02-14,668.25
2007-02-13,667.8
2007-02-12,664.55
2007-02-09,664.5
2007-02-08,656.0
2007-02-07,653.75
2007-02-06,653.25
2007-02-05,649.4
2007-02-02,645.7
2007-02-01,660.2
2007-01-31,650.5
2007-01-30,645.2
2007-01-29,644.75
2007-01-26,645.5
2007-01-25,651.75
2007-01-24,642.1
2007-01-23,642.5
2007-01-22,639.0
2007-01-19,629.0
2007-01-18,635.0
2007-01-17,626.5
2007-01-16,627.05
2007-01-15,627.0
2007-01-12,619.75
2007-01-11,612.0
2007-01-10,608.4
2007-01-09,609.6
2007-01-08,609.5
2007-01-05,609.5
2007-01-04,628.7
2007-01-03,642.6
2007-01-02,639.75
2007-01-01,632.0
2006-12-29,632.0
2006-12-28,632.0
2006-12-27,628.5
2006-12-26,620.5
2006-12-25,620.5
2006-12-22,620.5
2006-12-21,620.5
2006-12-20,619.25
2006-12-19,620.5
2006-12-18,614.0
2006-12-15,623.75
2006-12-14,627.4
2006-12-13,624.0
2006-12-12,628.0
2006-12-11,626.75
2006-12-08,637.4
2006-12-07,627.75
2006-12-06,636.0
2006-12-05,645.9
2006-12-04,646.0
2006-12-01,648.75
2006-11-30,646.7
2006-11-29,637.5
2006-11-28,637.0
2006-11-27,638.75
2006-11-24,639.5
2006-11-23,630.25
2006-11-22,631.8
2006-11-21,624.5
2006-11-20,625.5
2006-11-17,620.5
2006-11-16,624.75
2006-11-15,617.75
2006-11-14,627.0
2006-11-13,623.5
2006-11-10,629.3
2006-11-09,625.25
2006-11-08,623.2
2006-11-07,625.75
2006-11-06,626.1
2006-11-03,622.75
2006-11-02,620.75
2006-11-01,614.1
2006-10-31,603.75
2006-10-30,608.5
2006-10-27,596.25
2006-10-26,596.25
2006-10-25,580.75
2006-10-24,575.6
2006-10-23,582.75
2006-10-20,596.6
2006-10-19,597.25
2006-10-18,594.0
2006-10-17,590.0
2006-10-16,595.1
2006-10-13,586.1
2006-10-12,573.0
2006-10-11,574.1
2006-10-10,571.4
2006-10-09,575.25
2006-10-06,560.75
2006-10-05,573.3
2006-10-04,573.6
2006-10-03,582.25
2006-10-02,600.6
2006-09-29,599.25
2006-09-28,603.0
2006-09-27,593.75
2006-09-26,591.0
2006-09-25,584.75
2006-09-22,589.0
2006-09-21,578.75
2006-09-20,580.25
2006-09-19,583.5
2006-09-18,580.5
2006-09-15,573.6
2006-09-14,584.4
2006-09-13,589.0
2006-09-12,590.7
2006-09-11,588.0
2006-09-08,610.0
2006-09-07,621.5
2006-09-06,635.4
2006-09-05,637.75
2006-09-04,626.75
2006-09-01,621.05
2006-08-31,623.5
2006-08-30,617.75
2006-08-29,613.4
2006-08-28,621.25
2006-08-25,621.25
2006-08-24,623.75
2006-08-23,628.1
2006-08-22,622.75
2006-08-21,625.0
2006-08-18,613.9
2006-08-17,625.5
2006-08-16,629.75
2006-08-15,625.5
2006-08-14,624.6
2006-08-11,644.5
2006-08-10,644.75
2006-08-09,649.0
2006-08-08,646.0
2006-08-07,649.75
2006-08-04,652.25
2006-08-03,644.4
2006-08-02,654.4
2006-08-01,637.25
2006-07-31,632.5
2006-07-28,637.1
2006-07-27,639.0
2006-07-26,614.3
2006-07-25,618.75
2006-07-24,605.7
2006-07-21,634.0
2006-07-20,642.5
2006-07-19,641.6
2006-07-18,645.0
2006-07-17,652.5
2006-07-14,663.25
2006-07-13,649.5
2006-07-12,650.0
2006-07-11,630.75
2006-07-10,626.0
2006-07-07,631.5
2006-07-06,626.0
2006-07-05,623.0
2006-07-04,622.0
2006-07-03,622.95
2006-06-30,613.5
2006-06-29,589.25
2006-06-28,582.75
2006-06-27,588.75
2006-06-26,583.5
2006-06-23,579.6
2006-06-22,584.5
2006-06-21,574.6
2006-06-20,567.0
2006-06-19,571.0
2006-06-16,574.0
2006-06-15,569.5
2006-06-14,567.75
2006-06-13,586.5
2006-06-12,609.2
2006-06-09,616.0
2006-06-08,614.0
2006-06-07,617.75
2006-06-06,627.0
2006-06-05,641.8
2006-06-02,632.25
2006-06-01,625.0
2006-05-31,653.0
2006-05-30,660.5
2006-05-29,642.25
2006-05-26,642.25
2006-05-25,642.5
2006-05-24,648.5
2006-05-23,666.75
2006-05-22,652.5
2006-05-19,651.5
2006-05-18,693.5
2006-05-17,699.5
2006-05-16,692.0
2006-05-15,687.5
2006-05-12,725.0
2006-05-11,715.5
2006-05-10,699.9
2006-05-09,691.25
2006-05-08,675.5
2006-05-05,678.0
2006-05-04,673.5
2006-05-03,673.6
2006-05-02,661.0
2006-05-01,644.0
2006-04-28,644.0
2006-04-27,638.0
2006-04-26,635.5
2006-04-25,634.75
2006-04-24,622.5
2006-04-21,623.5
2006-04-20,625.0
2006-04-19,624.75
2006-04-18,614.75
2006-04-17,593.0
2006-04-14,593.0
2006-04-13,593.0
2006-04-12,597.25
2006-04-11,597.75
2006-04-10,597.25
2006-04-07,589.75
2006-04-06,592.5
2006-04-05,586.5
2006-04-04,588.0
2006-04-03,587.0
2006-03-31,582.0
2006-03-30,584.0
2006-03-29,565.0
2006-03-28,567.5
2006-03-27,565.0
2006-03-24,556.75
2006-03-23,546.5
2006-03-22,550.75
2006-03-21,547.5
2006-03-20,555.75
2006-03-17,552.75
2006-03-16,552.75
2006-03-15,556.5
2006-03-14,545.8
2006-03-13,543.5
2006-03-10,535.0
2006-03-09,550.1
2006-03-08,544.75
2006-03-07,553.0
2006-03-06,565.25
2006-03-03,565.0
2006-03-02,563.75
2006-03-01,564.25
2006-02-28,556.0
2006-02-27,553.25
2006-02-24,554.15
2006-02-23,551.2
2006-02-22,553.0
2006-02-21,554.0
2006-02-20,554.5
2006-02-17,551.7
2006-02-16,538.75
2006-02-15,540.5
2006-02-14,539.7
2006-02-13,549.3
2006-02-10,557.0
2006-02-09,560.25
2006-02-08,548.75
2006-02-07,558.7
2006-02-06,569.75
2006-02-03,569.0
2006-02-02,572.15
2006-02-01,568.25
2006-01-31,568.75
2006-01-30,565.0
2006-01-27,561.75
2006-01-26,556.5
2006-01-25,561.75
2006-01-24,557.25
2006-01-23,554.5
2006-01-20,567.25
2006-01-19,554.75
2006-01-18,545.0
2006-01-17,553.25
2006-01-16,561.75
2006-01-13,548.25
2006-01-12,542.5
2006-01-11,544.4
2006-01-10,543.5
2006-01-09,541.5
2006-01-06,535.25
2006-01-05,524.75
2006-01-04,529.5
2006-01-03,530.0
2006-01-02,513.0
2005-12-30,513.0
2005-12-29,513.0
2005-12-28,518.0
2005-12-27,500.0
2005-12-26,500.0
2005-12-23,500.0
2005-12-22,500.0
2005-12-21,489.0
2005-12-20,502.5
2005-12-19,508.75
2005-12-16,507.0
2005-12-15,506.25
2005-12-14,509.5
2005-12-13,522.5
2005-12-12,536.5
2005-12-09,525.5
2005-12-08,515.7
2005-12-07,515.4
2005-12-06,504.25
2005-12-05,505.65
2005-12-02,502.5
2005-12-01,499.75
2005-11-30,495.65
2005-11-29,496.0
2005-11-28,496.0
2005-11-25,495.9
2005-11-24,493.4
2005-11-23,487.6
2005-11-22,492.6
2005-11-21,488.95
2005-11-18,485.85
2005-11-17,486.15
2005-11-16,475.75
2005-11-15,468.25
2005-11-14,467.5
2005-11-11,466.75
2005-11-10,467.0
2005-11-09,462.55
2005-11-08,461.6
2005-11-07,456.5
2005-11-04,460.5
2005-11-03,461.85
2005-11-02,460.8
2005-11-01,459.5
2005-10-31,470.75
2005-10-28,470.75
2005-10-27,474.4
2005-10-26,473.2
2005-10-25,472.25
2005-10-24,466.1
2005-10-21,462.85
2005-10-20,464.3
2005-10-19,465.9
2005-10-18,472.0
2005-10-17,474.5
2005-10-14,466.0
2005-10-13,469.5
2005-10-12,475.1
2005-10-11,475.5
2005-10-10,473.2
2005-10-07,472.7
2005-10-06,471.8
2005-10-05,463.5
2005-10-04,467.45
2005-10-03,466.1
2005-09-30,473.25
2005-09-29,472.4
2005-09-28,464.0
2005-09-27,464.1
2005-09-26,461.7
2005-09-23,462.65
2005-09-22,466.25
2005-09-21,469.1
2005-09-20,464.8
2005-09-19,464.5
2005-09-16,457.2
2005-09-15,454.8
2005-09-14,449.3
2005-09-13,445.4
2005-09-12,448.35
2005-09-09,448.25
2005-09-08,448.55
2005-09-07,445.05
2005-09-06,444.15
2005-09-05,446.05
2005-09-02,443.6
2005-09-01,439.6
2005-08-31,433.25
2005-08-30,430.65
2005-08-29,436.75
2005-08-26,436.75
2005-08-25,438.85
2005-08-24,440.0
2005-08-23,439.35
2005-08-22,439.65
2005-08-19,439.65
2005-08-18,439.65
2005-08-17,442.0
2005-08-16,443.0
2005-08-15,443.5
2005-08-12,447.25
2005-08-11,440.75
2005-08-10,436.55
2005-08-09,433.3
2005-08-08,436.2
2005-08-05,438.25
2005-08-04,438.6
2005-08-03,434.6
2005-08-02,431.0
2005-08-01,431.65
2005-07-29,429.0
2005-07-28,426.4
2005-07-27,424.0
2005-07-26,423.25
2005-07-25,425.4
2005-07-22,425.0
2005-07-21,424.25
2005-07-20,422.15
2005-07-19,419.25
2005-07-18,420.9
2005-07-15,418.35
2005-07-14,424.3
2005-07-13,424.5
2005-07-12,426.25
2005-07-11,424.2
2005-07-08,424.4
2005-07-07,425.2
2005-07-06,423.5
2005-07-05,423.75
2005-07-04,427.4
2005-07-01,432.6
2005-06-30,437.1
2005-06-29,435.8
2005-06-28,437.0
2005-06-27,439.3
2005-06-24,440.55
2005-06-23,439.15
2005-06-22,437.0
2005-06-21,435.2
2005-06-20,439.35
2005-06-17,437.5
2005-06-16,433.0
2005-06-15,428.7
2005-06-14,426.85
2005-06-13,429.1
2005-06-10,422.55
2005-06-09,422.5
2005-06-08,424.55
2005-06-07,424.1
2005-06-06,425.85
2005-06-03,423.55
2005-06-02,420.4
2005-06-01,415.35
2005-05-31,414.45
2005-05-30,418.25
2005-05-27,418.25
2005-05-26,418.0
2005-05-25,418.4
2005-05-24,418.3
2005-05-23,418.0
2005-05-20,418.0
2005-05-19,420.8
2005-05-18,419.75
2005-05-17,420.0
2005-05-16,419.25
2005-05-13,420.0
2005-05-12,424.25
2005-05-11,426.1
2005-05-10,427.4
2005-05-09,425.5
2005-05-06,425.15
2005-05-05,429.15
2005-05-04,428.8
2005-05-03,427.9
2005-05-02,435.7
2005-04-29,435.7
2005-04-28,432.5
2005-04-27,434.35
2005-04-26,437.0
2005-04-25,432.9
2005-04-22,434.6
2005-04-21,434.0
2005-04-20,433.2
2005-04-19,427.45
2005-04-18,425.75
2005-04-15,424.6
2005-04-14,423.45
2005-04-13,427.5
2005-04-12,427.3
2005-04-11,429.0
2005-04-08,425.2
2005-04-07,428.0
2005-04-06,425.75
2005-04-05,424.6
2005-04-04,423.9
2005-04-01,427.15
2005-03-31,427.5
2005-03-30,426.45
2005-03-29,426.1
2005-03-28,425.15
2005-03-25,425.15
2005-03-24,425.15
2005-03-23,426.15
2005-03-22,432.15
2005-03-21,432.7
2005-03-18,437.15
2005-03-17,438.6
2005-03-16,443.0
2005-03-15,440.65
2005-03-14,441.95
2005-03-11,443.7
2005-03-10,440.9
2005-03-09,439.5
2005-03-08,437.25
2005-03-07,433.0
2005-03-04,433.45
2005-03-03,430.2
2005-03-02,431.75
2005-03-01,433.45
2005-02-28,435.45
2005-02-25,434.25
2005-02-24,433.75
2005-02-23,432.6
2005-02-22,432.85
2005-02-21,427.15
2005-02-18,427.1
2005-02-17,426.25
2005-02-16,423.1
2005-02-15,424.4
2005-02-14,424.2
2005-02-11,418.85
2005-02-10,415.5
2005-02-09,411.15
2005-02-08,411.1
2005-02-07,414.4
2005-02-04,415.9
2005-02-03,416.5
2005-02-02,421.6
2005-02-01,420.9
2005-01-31,422.15
2005-01-28,426.8
2005-01-27,424.5
2005-01-26,425.8
2005-01-25,424.5
2005-01-24,427.35
2005-01-21,423.3
2005-01-20,422.9
2005-01-19,424.95
2005-01-18,421.75
2005-01-17,422.25
2005-01-14,422.5
2005-01-13,423.6
2005-01-12,426.6
2005-01-11,421.35
2005-01-10,420.0
2005-01-07,422.2
2005-01-06,424.35
2005-01-05,426.0
2005-01-04,427.75
2005-01-03,435.6
2004-12-31,435.6
2004-12-30,435.6
2004-12-29,440.25
2004-12-28,441.1
2004-12-27,441.1
2004-12-24,441.1
2004-12-23,441.1
2004-12-22,441.0
2004-12-21,440.95
2004-12-20,442.45
2004-12-17,438.9
2004-12-16,439.5
2004-12-15,439.0
2004-12-14,437.1
2004-12-13,435.1
2004-12-10,434.0
2004-12-09,437.1
2004-12-08,436.9
2004-12-07,451.8
2004-12-06,453.05
2004-12-03,448.65
2004-12-02,454.2
2004-12-01,452.85
2004-11-30,453.4
2004-11-29,451.25
2004-11-26,451.0
2004-11-25,451.15
2004-11-24,448.6
2004-11-23,448.15
2004-11-22,447.8
2004-11-19,445.6
2004-11-18,442.0
2004-11-17,443.45
2004-11-16,439.4
2004-11-15,437.6
2004-11-12,436.05
2004-11-11,433.8
2004-11-10,433.4
2004-11-09,433.65
2004-11-08,431.9
2004-11-05,431.0
2004-11-04,430.5
2004-11-03,423.5
2004-11-02,424.2
2004-11-01,428.85
2004-10-29,425.55
2004-10-28,424.2
2004-10-27,428.25
2004-10-26,427.5
2004-10-25,429.15
2004-10-22,422.8
2004-10-21,422.5
2004-10-20,423.6
2004-10-19,419.35
2004-10-18,419.1
2004-10-15,420.4
2004-10-14,415.35
2004-10-13,411.25
2004-10-12,414.7
2004-10-11,421.7
2004-10-08,421.75
2004-10-07,418.1
2004-10-06,418.45
2004-10-05,415.4
2004-10-04,412.55
2004-10-01,418.1
2004-09-30,415.65
2004-09-29,412.95
2004-09-28,411.7
2004-09-27,409.2
2004-09-24,407.85
2004-09-23,411.5
2004-09-22,405.35
2004-09-21,408.5
2004-09-20,404.3
2004-09-17,405.7
2004-09-16,403.4
2004-09-15,404.45
2004-09-14,405.25
2004-09-13,399.3
2004-09-10,401.35
2004-09-09,398.7
2004-09-08,396.3
2004-09-07,398.1
2004-09-06,401.6
2004-09-03,401.15
2004-09-02,406.1
2004-09-01,407.65
2004-08-31,407.25
2004-08-30,405.1
2004-08-27,405.1
2004-08-26,406.05
2004-08-25,406.0
2004-08-24,406.2
2004-08-23,410.6
2004-08-20,410.55
2004-08-19,406.5
2004-08-18,402.45
2004-08-17,401.3
2004-08-16,401.65
2004-08-13,396.75
2004-08-12,394.15
2004-08-11,393.85
2004-08-10,399.5
2004-08-09,399.0
2004-08-06,399.0
2004-08-05,390.85
2004-08-04,391.5
2004-08-03,390.95
2004-08-02,391.5
2004-07-30,391.4
2004-07-29,387.3
2004-07-28,387.3
2004-07-27,389.85
2004-07-26,390.75
2004-07-23,391.5
2004-07-22,397.75
2004-07-21,398.5
2004-07-20,400.0
2004-07-19,406.35
2004-07-16,406.3
2004-07-15,403.15
2004-07-14,403.8
2004-07-13,400.9
2004-07-12,406.35
2004-07-09,406.5
2004-07-08,405.35
2004-07-07,399.65
2004-07-06,394.5
2004-07-05,398.25
2004-07-02,397.75
2004-07-01,394.8
2004-06-30,395.8
2004-06-29,394.4
2004-06-28,404.25
2004-06-25,401.5
2004-06-24,400.0
2004-06-23,393.9
2004-06-22,395.75
2004-06-21,395.25
2004-06-18,395.1
2004-06-17,386.1
2004-06-16,385.25
2004-06-15,386.5
2004-06-14,385.1
2004-06-11,384.85
2004-06-10,384.95
2004-06-09,386.85
2004-06-08,392.35
2004-06-07,393.6
2004-06-04,388.3
2004-06-03,390.35
2004-06-02,394.85
2004-06-01,397.2
2004-05-31,393.25
2004-05-28,393.25
2004-05-27,393.6
2004-05-26,389.65
2004-05-25,388.9
2004-05-24,384.0
2004-05-21,385.3
2004-05-20,379.5
2004-05-19,380.75
2004-05-18,377.7
2004-05-17,382.95
2004-05-14,376.5
2004-05-13,375.15
2004-05-12,382.2
2004-05-11,375.25
2004-05-10,375.0
2004-05-07,380.8
2004-05-06,387.5
2004-05-05,392.55
2004-05-04,391.25
2004-05-03,388.5
2004-04-30,388.5
2004-04-29,386.0
2004-04-28,392.25
2004-04-27,396.25
2004-04-26,397.0
2004-04-23,394.5
2004-04-22,392.3
2004-04-21,392.75
2004-04-20,396.85
2004-04-19,403.1
2004-04-16,400.85
2004-04-15,398.25
2004-04-14,397.75
2004-04-13,407.9
2004-04-12,419.5
2004-04-09,419.5
2004-04-08,419.5
2004-04-07,419.0
2004-04-06,418.5
2004-04-05,417.7
2004-04-02,419.0
2004-04-01,427.25
2004-03-31,423.7
2004-03-30,420.0
2004-03-29,421.25
2004-03-26,421.5
2004-03-25,416.1
2004-03-24,415.25
2004-03-23,416.25
2004-03-22,417.65
2004-03-19,412.0
2004-03-18,410.75
2004-03-17,402.75
2004-03-16,402.5
2004-03-15,398.1
2004-03-12,398.0
2004-03-11,398.45
2004-03-10,400.25
2004-03-09,401.5
2004-03-08,399.85
2004-03-05,399.25
2004-03-04,392.0
2004-03-03,390.5
2004-03-02,395.75
2004-03-01,400.0
2004-02-27,395.85
2004-02-26,393.25
2004-02-25,400.25
2004-02-24,402.25
2004-02-23,399.5
2004-02-20,405.25
2004-02-19,409.8
2004-02-18,414.5
2004-02-17,414.5
2004-02-16,411.7
2004-02-13,416.0
2004-02-12,411.6
2004-02-11,405.75
2004-02-10,408.55
2004-02-09,405.95
2004-02-06,404.25
2004-02-05,399.55
2004-02-04,399.25
2004-02-03,401.45
2004-02-02,398.35
2004-01-30,399.75
2004-01-29,405.7
2004-01-28,411.0
2004-01-27,405.7
2004-01-26,408.2
2004-01-23,409.0
2004-01-22,409.25
2004-01-21,407.6
2004-01-20,409.25
2004-01-19,406.6
2004-01-16,408.4
2004-01-15,412.5
2004-01-14,419.5
2004-01-13,425.5
2004-01-12,425.25
2004-01-09,423.35
2004-01-08,421.0
2004-01-07,421.75
2004-01-06,424.4
2004-01-05,420.6
2004-01-02,415.25
2004-01-01,416.25
2003-12-31,416.25
2003-12-30,416.25
2003-12-29,412.0
2003-12-26,409.25
2003-12-25,409.25
2003-12-24,409.25
2003-12-23,409.25
2003-12-22,410.45
2003-12-19,409.75
2003-12-18,407.5
2003-12-17,408.25
2003-12-16,408.0
2003-12-15,407.5
2003-12-12,407.1
2003-12-11,404.1
2003-12-10,410.0
2003-12-09,407.75
2003-12-08,406.15
2003-12-05,402.4
2003-12-04,402.25
2003-12-03,401.8
2003-12-02,401.35
2003-12-01,400.25
2003-11-28,398.35
2003-11-27,395.45
2003-11-26,396.0
2003-11-25,391.75
2003-11-24,391.9
2003-11-21,395.5
2003-11-20,394.3
2003-11-19,395.15
2003-11-18,393.9
2003-11-17,393.7
2003-11-14,396.7
2003-11-13,395.4
2003-11-12,389.7
2003-11-11,387.8
2003-11-10,383.5
2003-11-07,378.95
2003-11-06,380.25
2003-11-05,378.75
2003-11-04,377.9
2003-11-03,383.25
2003-10-31,386.25
2003-10-30,386.5
2003-10-29,385.4
2003-10-28,384.4
2003-10-27,386.0
2003-10-24,388.25
2003-10-23,384.5
2003-10-22,384.75
2003-10-21,378.2
2003-10-20,373.8
2003-10-17,370.5
2003-10-16,373.4
2003-10-15,373.5
2003-10-14,373.95
2003-10-13,370.25
2003-10-10,372.3
2003-10-09,370.6
2003-10-08,375.25
2003-10-07,376.1
2003-10-06,371.3
2003-10-03,384.25
2003-10-02,382.2
2003-10-01,383.5
2003-09-30,388.0
2003-09-29,381.95
2003-09-26,382.7
2003-09-25,390.7
2003-09-24,385.0
2003-09-23,384.6
2003-09-22,385.5
2003-09-19,379.75
2003-09-18,378.3
2003-09-17,374.25
2003-09-16,374.6
2003-09-15,373.5
2003-09-12,378.25
2003-09-11,376.3
2003-09-10,380.0
2003-09-09,382.25
2003-09-08,374.65
2003-09-05,375.8
2003-09-04,370.75
2003-09-03,370.0
2003-09-02,373.7
2003-09-01,376.25
2003-08-29,375.6
2003-08-28,369.8
2003-08-27,371.25
2003-08-26,360.5
2003-08-25,358.75
2003-08-22,358.75
2003-08-21,363.3
2003-08-20,363.7
2003-08-19,360.4
2003-08-18,360.25
2003-08-15,364.5
2003-08-14,363.6
2003-08-13,358.65
2003-08-12,360.1
2003-08-11,359.15
2003-08-08,353.95
2003-08-07,351.6
2003-08-06,352.0
2003-08-05,348.4
2003-08-04,347.5
2003-08-01,352.35
2003-07-31,354.75
2003-07-30,357.75
2003-07-29,363.5
2003-07-28,365.6
2003-07-25,363.0
2003-07-24,357.3
2003-07-23,354.75
2003-07-22,352.0
2003-07-21,350.0
2003-07-18,344.35
2003-07-17,342.5
2003-07-16,343.2
2003-07-15,348.25
2003-07-14,347.5
2003-07-11,343.7
2003-07-10,343.4
2003-07-09,344.15
2003-07-08,347.2
2003-07-07,348.15
2003-07-04,351.3
2003-07-03,349.4
2003-07-02,351.5
2003-07-01,350.2
2003-06-30,346.0
2003-06-27,345.5
2003-06-26,343.85
2003-06-25,348.1
2003-06-24,348.25
2003-06-23,355.0
2003-06-20,358.0
2003-06-19,357.65
2003-06-18,359.75
2003-06-17,362.75
2003-06-16,358.3
2003-06-13,353.05
2003-06-12,352.25
2003-06-11,354.25
2003-06-10,354.25
2003-06-09,362.75
2003-06-06,363.0
2003-06-05,366.75
2003-06-04,364.2
2003-06-03,365.0
2003-06-02,364.75
2003-05-30,361.4
2003-05-29,363.1
2003-05-28,359.5
2003-05-27,371.4
2003-05-26,370.5
2003-05-23,370.5
2003-05-22,369.6
2003-05-21,367.8
2003-05-20,366.3
2003-05-19,359.0
2003-05-16,355.0
2003-05-15,354.25
2003-05-14,353.55
2003-05-13,350.4
2003-05-12,351.1
2003-05-09,347.9
2003-05-08,346.45
2003-05-07,341.85
2003-05-06,342.85
2003-05-05,340.5
2003-05-02,340.5
2003-05-01,341.2
2003-04-30,336.75
2003-04-29,331.4
2003-04-28,332.6
2003-04-25,333.25
2003-04-24,333.7
2003-04-23,333.3
2003-04-22,334.9
2003-04-21,327.0
2003-04-18,327.0
2003-04-17,327.0
2003-04-16,324.1
2003-04-15,325.45
2003-04-14,325.95
2003-04-11,324.8
2003-04-10,324.6
2003-04-09,321.35
2003-04-08,323.4
2003-04-07,319.9
2003-04-04,323.8
2003-04-03,323.7
2003-04-02,329.3
2003-04-01,334.35
2003-03-31,334.85
2003-03-28,330.75
2003-03-27,332.75
2003-03-26,329.95
2003-03-25,331.9
2003-03-24,329.45
2003-03-21,333.5
2003-03-20,335.8
2003-03-19,335.8
2003-03-18,338.8
2003-03-17,340.75
2003-03-14,335.2
2003-03-13,334.5
2003-03-12,346.1
2003-03-11,348.7
2003-03-10,354.45
2003-03-07,350.75
2003-03-06,354.7
2003-03-05,353.95
2003-03-04,353.4
2003-03-03,345.5
2003-02-28,347.45
2003-02-27,351.25
2003-02-26,351.9
2003-02-25,357.6
2003-02-24,355.2
2003-02-21,352.3
2003-02-20,351.55
2003-02-19,346.0
2003-02-18,344.1
2003-02-17,347.0
2003-02-14,354.25
2003-02-13,352.8
2003-02-12,356.3
2003-02-11,364.0
2003-02-10,370.5
2003-02-07,373.25
2003-02-06,375.8
2003-02-05,382.1
2003-02-04,376.55
2003-02-03,369.5
2003-01-31,367.5
2003-01-30,367.6
2003-01-29,369.9
2003-01-28,368.4
2003-01-27,368.5
2003-01-24,366.0
2003-01-23,364.7
2003-01-22,358.5
2003-01-21,353.8
2003-01-20,355.85
2003-01-17,357.0
2003-01-16,352.3
2003-01-15,351.0
2003-01-14,353.1
2003-01-13,352.55
2003-01-10,353.0
2003-01-09,352.4
2003-01-08,349.75
2003-01-07,349.0
2003-01-06,351.75
2003-01-03,344.5
2003-01-02,343.8
2003-01-01,347.2
2002-12-31,347.2
2002-12-30,347.2
2002-12-27,349.3
2002-12-26,343.95
2002-12-25,343.95
2002-12-24,343.95
2002-12-23,343.95
2002-12-20,341.6
2002-12-19,345.0
2002-12-18,338.0
2002-12-17,339.0
2002-12-16,333.0
2002-12-13,332.2
2002-12-12,326.4
2002-12-11,324.25
2002-12-10,323.1
2002-12-09,325.1
2002-12-06,325.75
2002-12-05,322.45
2002-12-04,322.1
2002-12-03,319.7
2002-12-02,316.45
2002-11-29,319.05
2002-11-28,317.6
2002-11-27,317.85
2002-11-26,317.5
2002-11-25,317.45
2002-11-22,317.7
2002-11-21,317.65
2002-11-20,318.85
2002-11-19,319.7
2002-11-18,318.75
2002-11-15,319.1
2002-11-14,318.6
2002-11-13,324.0
2002-11-12,321.75
2002-11-11,320.7
2002-11-08,321.7
2002-11-07,319.25
2002-11-06,317.3
2002-11-05,318.5
2002-11-04,317.55
2002-11-01,319.85
2002-10-31,316.9
2002-10-30,316.55
2002-10-29,317.15
2002-10-28,314.45
2002-10-25,313.0
2002-10-24,311.75
2002-10-23,312.1
2002-10-22,312.55
2002-10-21,312.6
2002-10-18,312.75
2002-10-17,310.75
2002-10-16,314.05
2002-10-15,316.2
2002-10-14,317.75
2002-10-11,316.85
2002-10-10,318.95
2002-10-09,319.35
2002-10-08,319.0
2002-10-07,321.75
2002-10-04,320.3
2002-10-03,322.1
2002-10-02,322.2
2002-10-01,321.75
2002-09-30,323.7
2002-09-27,320.05
2002-09-26,319.6
2002-09-25,325.15
2002-09-24,326.3
2002-09-23,322.5
2002-09-20,322.3
2002-09-19,322.25
2002-09-18,318.7
2002-09-17,315.9
2002-09-16,315.35
2002-09-13,318.8
2002-09-12,318.85
2002-09-11,315.5
2002-09-10,319.1
2002-09-09,322.5
2002-09-06,319.25
2002-09-05,317.55
2002-09-04,313.0
2002-09-03,313.5
2002-09-02,312.0
2002-08-30,312.8
2002-08-29,312.1
2002-08-28,311.1
2002-08-27,310.5
2002-08-26,305.95
2002-08-23,305.95
2002-08-22,305.4
2002-08-21,306.55
2002-08-20,308.0
2002-08-19,310.1
2002-08-16,314.2
2002-08-15,312.65
2002-08-14,315.65
2002-08-13,313.8
2002-08-12,316.7
2002-08-09,312.95
2002-08-08,312.15
2002-08-07,312.2
2002-08-06,305.75
2002-08-05,309.5
2002-08-02,305.05
2002-08-01,302.25
2002-07-31,304.65
2002-07-30,305.4
2002-07-29,303.0
2002-07-26,304.95
2002-07-25,309.45
2002-07-24,311.25
2002-07-23,319.7
2002-07-22,322.9
2002-07-19,322.9
2002-07-18,317.65
2002-07-17,316.15
2002-07-16,318.25
2002-07-15,319.0
2002-07-12,316.7
2002-07-11,314.15
2002-07-10,314.8
2002-07-09,313.8
2002-07-08,311.7
2002-07-05,311.3
2002-07-04,310.6
2002-07-03,310.85
2002-07-02,314.45
2002-07-01,312.1
2002-06-28,318.5
2002-06-27,318.8
2002-06-26,321.55
2002-06-25,321.7
2002-06-24,326.4
2002-06-21,322.7
2002-06-20,322.35
2002-06-19,320.65
2002-06-18,318.35
2002-06-17,317.8
2002-06-14,322.1
2002-06-13,318.75
2002-06-12,319.75
2002-06-11,316.8
2002-06-10,322.5
2002-06-07,326.4
2002-06-06,324.1
2002-06-05,322.0
2002-06-04,326.6
2002-06-03,326.6
2002-05-31,326.6
2002-05-30,326.0
2002-05-29,327.05
2002-05-28,320.2
2002-05-27,320.05
2002-05-24,320.95
2002-05-23,317.15
2002-05-22,317.1
2002-05-21,315.2
2002-05-20,311.5
2002-05-17,310.6
2002-05-16,310.1
2002-05-15,308.3
2002-05-14,308.4
2002-05-13,310.75
2002-05-10,311.15
2002-05-09,308.85
2002-05-08,310.5
2002-05-07,312.0
2002-05-06,310.45
2002-05-03,310.45
2002-05-02,307.6
2002-05-01,308.35
2002-04-30,308.2
2002-04-29,309.7
2002-04-26,306.6
2002-04-25,307.25
2002-04-24,304.2
2002-04-23,302.7
2002-04-22,303.7
2002-04-19,301.8
2002-04-18,304.25
2002-04-17,300.85
2002-04-16,297.75
2002-04-15,300.1
2002-04-12,300.35
2002-04-11,301.3
2002-04-10,298.0
2002-04-09,298.7
2002-04-08,300.45
2002-04-05,301.0
2002-04-04,301.7
2002-04-03,303.75
2002-04-02,304.0
2002-04-01,301.4
2002-03-29,301.4
2002-03-28,301.4
2002-03-27,299.0
2002-03-26,296.1
2002-03-25,297.7
2002-03-22,294.25
2002-03-21,292.75
2002-03-20,291.85
2002-03-19,293.1
2002-03-18,292.05
2002-03-15,290.3
2002-03-14,291.2
2002-03-13,293.15
2002-03-12,293.6
2002-03-11,291.2
2002-03-08,289.15
2002-03-07,291.0
2002-03-06,292.7
2002-03-05,297.8
2002-03-04,297.4
2002-03-01,295.4
2002-02-28,296.85
2002-02-27,297.4
2002-02-26,294.2
2002-02-25,291.95
2002-02-22,292.75
2002-02-21,292.15
2002-02-20,291.3
2002-02-19,296.5
2002-02-18,297.35
2002-02-15,299.85
2002-02-14,299.0
2002-02-13,297.4
2002-02-12,298.9
2002-02-11,297.75
2002-02-08,304.3
2002-02-07,299.5
2002-02-06,299.5
2002-02-05,291.95
2002-02-04,287.4
2002-02-01,283.9
2002-01-31,282.3
2002-01-30,281.5
2002-01-29,277.9
2002-01-28,279.1
2002-01-25,279.0
2002-01-24,279.2
2002-01-23,280.75
2002-01-22,282.05
2002-01-21,282.3
2002-01-18,283.2
2002-01-17,285.0
2002-01-16,284.6
2002-01-15,284.2
2002-01-14,286.35
2002-01-11,285.75
2002-01-10,286.85
2002-01-09,281.1
2002-01-08,278.6
2002-01-07,278.6
2002-01-04,277.75
2002-01-03,278.8
2002-01-02,278.35
2002-01-01,276.5
2001-12-31,276.5
2001-12-28,276.5
2001-12-27,277.7
2001-12-26,277.5
2001-12-25,277.5
2001-12-24,277.5
2001-12-21,277.5
2001-12-20,276.1
2001-12-19,278.65
2001-12-18,278.85
2001-12-17,277.75
2001-12-14,277.05
2001-12-13,274.35
2001-12-12,273.5
2001-12-11,272.2
2001-12-10,272.65
2001-12-07,274.1
2001-12-06,274.55
2001-12-05,275.0
2001-12-04,276.6
2001-12-03,276.35
2001-11-30,275.5
2001-11-29,274.8
2001-11-28,274.4
2001-11-27,273.3
2001-11-26,272.6
2001-11-23,273.1
2001-11-22,272.75
2001-11-21,272.8
2001-11-20,272.95
2001-11-19,273.6
2001-11-16,274.5
2001-11-15,275.45
2001-11-14,278.25
2001-11-13,276.5
2001-11-12,280.0
2001-11-09,277.15
2001-11-08,279.95
2001-11-07,280.3
2001-11-06,278.95
2001-11-05,278.25
2001-11-02,279.9
2001-11-01,280.6
2001-10-31,278.75
2001-10-30,280.4
2001-10-29,278.6
2001-10-26,277.25
2001-10-25,276.7
2001-10-24,275.5
2001-10-23,276.05
2001-10-22,275.9
2001-10-19,279.15
2001-10-18,281.0
2001-10-17,281.6
2001-10-16,281.1
2001-10-15,281.85
2001-10-12,281.8
2001-10-11,281.85
2001-10-10,287.15
2001-10-09,290.0
2001-10-08,291.85
2001-10-05,291.2
2001-10-04,290.35
2001-10-03,290.1
2001-10-02,291.65
2001-10-01,290.6
2001-09-28,293.1
2001-09-27,289.8
2001-09-26,291.45
2001-09-25,288.0
2001-09-24,288.2
2001-09-21,292.5
2001-09-20,288.5
2001-09-19,288.1
2001-09-18,289.4
2001-09-17,293.25
2001-09-14,285.75
2001-09-13,280.25
2001-09-12,279.0
2001-09-11,287.0
2001-09-10,271.5
2001-09-07,273.6
2001-09-06,272.05
2001-09-05,271.3
2001-09-04,272.3
2001-09-03,273.35
2001-08-31,273.0
2001-08-30,272.3
2001-08-29,272.85
2001-08-28,271.05
2001-08-27,272.8
2001-08-24,272.8
2001-08-23,274.85
2001-08-22,275.85
2001-08-21,276.3
2001-08-20,276.65
2001-08-17,277.45
2001-08-16,275.9
2001-08-15,275.35
2001-08-14,274.5
2001-08-13,275.6
2001-08-10,275.8
2001-08-09,270.0
2001-08-08,266.4
2001-08-07,266.45
2001-08-06,267.2
2001-08-03,267.85
2001-08-02,267.0
2001-08-01,267.35
2001-07-31,265.9
2001-07-30,266.3
2001-07-27,266.15
2001-07-26,267.5
2001-07-25,268.4
2001-07-24,268.75
2001-07-23,268.7
2001-07-20,269.7
2001-07-19,270.3
2001-07-18,268.55
2001-07-17,267.6
2001-07-16,268.25
2001-07-13,266.35
2001-07-12,266.3
2001-07-11,267.55
2001-07-10,267.45
2001-07-09,266.1
2001-07-06,265.1
2001-07-05,266.3
2001-07-04,267.6
2001-07-03,268.5
2001-07-02,268.35
2001-06-29,270.6
2001-06-28,269.5
2001-06-27,274.8
2001-06-26,274.0
2001-06-25,272.9
2001-06-22,273.3
2001-06-21,271.7
2001-06-20,271.5
2001-06-19,273.4
2001-06-18,272.0
2001-06-15,272.2
2001-06-14,272.4
2001-06-13,271.95
2001-06-12,269.9
2001-06-11,268.5
2001-06-08,267.0
2001-06-07,266.1
2001-06-06,265.5
2001-06-05,265.7
2001-06-04,266.5
2001-06-01,265.4
2001-05-31,267.5
2001-05-30,271.0
2001-05-29,275.75
2001-05-28,276.25
2001-05-25,276.25
2001-05-24,286.05
2001-05-23,283.15
2001-05-22,284.15
2001-05-21,291.25
2001-05-18,273.0
2001-05-17,274.0
2001-05-16,270.9
2001-05-15,266.6
2001-05-14,268.35
2001-05-11,269.05
2001-05-10,268.45
2001-05-09,267.85
2001-05-08,265.2
2001-05-07,266.6
2001-05-04,266.6
2001-05-03,266.4
2001-05-02,263.95
2001-05-01,264.0
2001-04-30,263.15
2001-04-27,264.6
2001-04-26,263.5
2001-04-25,263.5
2001-04-24,263.4
2001-04-23,262.6
2001-04-20,263.85
2001-04-19,263.1
2001-04-18,258.85
2001-04-17,260.55
2001-04-16,259.25
2001-04-13,259.25
2001-04-12,259.25
2001-04-11,257.7
2001-04-10,256.65
2001-04-09,259.0
2001-04-06,258.8
2001-04-05,258.1
2001-04-04,259.45
2001-04-03,257.1
2001-04-02,255.95
2001-03-30,257.7
2001-03-29,260.15
2001-03-28,260.15
2001-03-27,262.0
2001-03-26,262.2
2001-03-23,262.85
2001-03-22,261.15
2001-03-21,262.0
2001-03-20,261.55
2001-03-19,260.55
2001-03-16,260.7
2001-03-15,262.05
2001-03-14,263.85
2001-03-13,269.3
2001-03-12,272.5
2001-03-09,269.8
2001-03-08,263.65
2001-03-07,260.65
2001-03-06,261.85
2001-03-05,262.5
2001-03-02,263.1
2001-03-01,266.35
2001-02-28,266.7
2001-02-27,268.3
2001-02-26,263.2
2001-02-23,260.45
2001-02-22,258.85
2001-02-21,257.5
2001-02-20,256.25
2001-02-19,259.45
2001-02-16,257.45
2001-02-15,258.55
2001-02-14,260.25
2001-02-13,260.75
2001-02-12,261.1
2001-02-09,259.9
2001-02-08,262.95
2001-02-07,263.15
2001-02-06,262.7
2001-02-05,265.45
2001-02-02,266.7
2001-02-01,267.65
2001-01-31,264.5
2001-01-30,264.95
2001-01-29,262.85
2001-01-26,263.55
2001-01-25,264.9
2001-01-24,264.25
2001-01-23,266.1
2001-01-22,266.15
2001-01-19,264.9
2001-01-18,264.9
2001-01-17,263.5
2001-01-16,264.45
2001-01-15,263.5
2001-01-12,263.7
2001-01-11,264.15
2001-01-10,266.3
2001-01-09,267.0
2001-01-08,268.3
2001-01-05,267.4
2001-01-04,267.1
2001-01-03,267.15
2001-01-02,271.1
2001-01-01,274.45
2000-12-29,274.45
2000-12-28,274.45
2000-12-27,275.05
2000-12-26,273.1
2000-12-25,273.1
2000-12-22,273.1
2000-12-21,273.1
2000-12-20,272.45
2000-12-19,269.55
2000-12-18,270.2
2000-12-15,270.35
2000-12-14,269.3
2000-12-13,269.6
2000-12-12,270.75
2000-12-11,270.7
2000-12-08,272.95
2000-12-07,273.9
2000-12-06,271.6
2000-12-05,270.8
2000-12-04,270.7
2000-12-01,269.2
2000-11-30,269.1
2000-11-29,269.1
2000-11-28,269.95
2000-11-27,268.15
2000-11-24,265.55
2000-11-23,265.7
2000-11-22,266.15
2000-11-21,266.15
2000-11-20,266.15
2000-11-17,265.25
2000-11-16,266.7
2000-11-15,264.6
2000-11-14,264.95
2000-11-13,264.85
2000-11-10,264.85
2000-11-09,264.65
2000-11-08,264.1
2000-11-07,265.5
2000-11-06,265.7
2000-11-03,264.65
2000-11-02,264.85
2000-11-01,265.5
2000-10-31,264.5
2000-10-30,264.75
2000-10-27,263.8
2000-10-26,266.4
2000-10-25,266.8
2000-10-24,270.2
2000-10-23,271.45
2000-10-20,270.45
2000-10-19,270.3
2000-10-18,272.0
2000-10-17,270.25
2000-10-16,271.6
2000-10-13,273.25
2000-10-12,274.0
2000-10-11,272.75
2000-10-10,270.5
2000-10-09,270.0
2000-10-06,270.0
2000-10-05,270.4
2000-10-04,271.35
2000-10-03,272.1
2000-10-02,273.1
2000-09-29,273.65
2000-09-28,276.4
2000-09-27,276.15
2000-09-26,274.85
2000-09-25,272.85
2000-09-22,273.95
2000-09-21,269.5
2000-09-20,271.4
2000-09-19,271.85
2000-09-18,273.0
2000-09-15,272.6
2000-09-14,273.1
2000-09-13,272.5
2000-09-12,274.65
2000-09-11,272.55
2000-09-08,272.75
2000-09-07,272.7
2000-09-06,274.15
2000-09-05,275.0
2000-09-04,276.65
2000-09-01,277.0
2000-08-31,277.0
2000-08-30,273.3
2000-08-29,274.0
2000-08-28,273.65
2000-08-25,273.65
2000-08-24,272.6
2000-08-23,273.15
2000-08-22,273.4
2000-08-21,274.6
2000-08-18,275.6
2000-08-17,277.2
2000-08-16,276.35
2000-08-15,274.15
2000-08-14,275.45
2000-08-11,272.7
2000-08-10,272.2
2000-08-09,272.0
2000-08-08,273.1
2000-08-07,273.2
2000-08-04,273.95
2000-08-03,275.5
2000-08-02,277.6
2000-08-01,277.6
2000-07-31,276.75
2000-07-28,278.1
2000-07-27,279.85
2000-07-26,279.4
2000-07-25,279.7
2000-07-24,279.75
2000-07-21,279.3
2000-07-20,279.35
2000-07-19,279.2
2000-07-18,282.75
2000-07-17,282.45
2000-07-14,280.25
2000-07-13,280.8
2000-07-12,279.95
2000-07-11,282.85
2000-07-10,284.1
2000-07-07,282.85
2000-07-06,284.9
2000-07-05,286.85
2000-07-04,286.5
2000-07-03,287.65
2000-06-30,288.15
2000-06-29,289.75
2000-06-28,288.0
2000-06-27,283.8
2000-06-26,284.05
2000-06-23,285.8
2000-06-22,287.65
2000-06-21,286.05
2000-06-20,286.2
2000-06-19,285.9
2000-06-16,290.1
2000-06-15,287.4
2000-06-14,287.15
2000-06-13,291.5
2000-06-12,284.6
2000-06-09,284.4
2000-06-08,285.75
2000-06-07,284.1
2000-06-06,288.4
2000-06-05,283.25
2000-06-02,281.6
2000-06-01,272.5
2000-05-31,272.25
2000-05-30,273.15
2000-05-29,271.3
2000-05-26,271.3
2000-05-25,273.35
2000-05-24,273.7
2000-05-23,274.05
2000-05-22,274.0
2000-05-19,273.15
2000-05-18,272.8
2000-05-17,273.1
2000-05-16,276.0
2000-05-15,275.05
2000-05-12,276.65
2000-05-11,276.75
2000-05-10,277.6
2000-05-09,276.3
2000-05-08,277.9
2000-05-05,280.75
2000-05-04,280.0
2000-05-03,275.6
2000-05-02,275.45
2000-05-01,275.05
2000-04-28,275.05
2000-04-27,276.0
2000-04-26,276.2
2000-04-25,279.5
2000-04-24,279.85
2000-04-21,279.85
2000-04-20,279.85
2000-04-19,281.35
2000-04-18,281.1
2000-04-17,281.75
2000-04-14,282.0
2000-04-13,281.4
2000-04-12,280.4
2000-04-11,282.5
2000-04-10,282.25
2000-04-07,280.15
2000-04-06,279.35
2000-04-05,281.3
2000-04-04,276.85
2000-04-03,277.5
2000-03-31,276.75
2000-03-30,275.75
2000-03-29,279.75
2000-03-28,280.65
2000-03-27,284.15
2000-03-24,284.85
2000-03-23,284.75
2000-03-22,287.8
2000-03-21,285.15
2000-03-20,285.75
2000-03-17,283.9
2000-03-16,287.35
2000-03-15,289.15
2000-03-14,288.75
2000-03-13,290.65
2000-03-10,290.25
2000-03-09,290.5
2000-03-08,291.2
2000-03-07,289.75
2000-03-06,288.8
2000-03-03,288.5
2000-03-02,289.9
2000-03-01,292.9
2000-02-29,293.65
2000-02-28,292.5
2000-02-25,294.0
2000-02-24,298.75
2000-02-23,302.0
2000-02-22,302.25
2000-02-21,305.25
2000-02-18,303.55
2000-02-17,304.75
2000-02-16,302.5
2000-02-15,304.25
2000-02-14,308.35
2000-02-11,311.5
2000-02-10,309.0
2000-02-09,308.6
2000-02-08,296.25
2000-02-07,312.7
2000-02-04,293.65
2000-02-03,285.05
2000-02-02,285.6
2000-02-01,283.0
2000-01-31,283.3
2000-01-28,286.75
2000-01-27,285.55
2000-01-26,285.9
2000-01-25,288.0
2000-01-24,287.2
2000-01-21,287.75
2000-01-20,288.1
2000-01-19,287.65
2000-01-18,285.8
2000-01-17,285.35
2000-01-14,283.3
2000-01-13,282.1
2000-01-12,282.25
2000-01-11,282.25
2000-01-10,281.6
2000-01-07,282.1
2000-01-06,279.4
2000-01-05,280.45
2000-01-04,281.5
2000-01-03,290.25
1999-12-31,290.25
1999-12-30,290.25
1999-12-29,290.9
1999-12-28,287.3
1999-12-27,287.3
1999-12-24,287.3
1999-12-23,287.3
1999-12-22,285.75
1999-12-21,282.75
1999-12-20,284.25
1999-12-17,284.15
1999-12-16,280.3
1999-12-15,280.05
1999-12-14,279.25
1999-12-13,279.5
1999-12-10,280.65
1999-12-09,279.0
1999-12-08,280.95
1999-12-07,279.25
1999-12-06,276.1
1999-12-03,282.75
1999-12-02,286.0
1999-12-01,289.15
1999-11-30,291.35
1999-11-29,292.25
1999-11-26,296.85
1999-11-25,298.4
1999-11-24,297.5
1999-11-23,297.25
1999-11-22,294.9
1999-11-19,293.75
1999-11-18,293.6
1999-11-17,293.65
1999-11-16,294.25
1999-11-15,290.9
1999-11-12,291.25
1999-11-11,296.0
1999-11-10,295.75
1999-11-09,290.75
1999-11-08,288.25
1999-11-05,289.7
1999-11-04,290.6
1999-11-03,291.0
1999-11-02,290.75
1999-11-01,291.35
1999-10-29,299.1
1999-10-28,296.25
1999-10-27,290.6
1999-10-26,296.4
1999-10-25,302.0
1999-10-22,302.4
1999-10-21,302.85
1999-10-20,307.0
1999-10-19,309.5
1999-10-18,311.75
1999-10-15,315.75
1999-10-14,321.0
1999-10-13,321.75
1999-10-12,320.25
1999-10-11,317.75
1999-10-08,323.25
1999-10-07,323.5
1999-10-06,318.25
1999-10-05,325.5
1999-10-04,312.75
1999-10-01,307.5
1999-09-30,299.0
1999-09-29,307.0
1999-09-28,301.5
1999-09-27,281.1
1999-09-24,270.0
1999-09-23,264.35
1999-09-22,263.4
1999-09-21,258.85
1999-09-20,255.4
1999-09-17,255.1
1999-09-16,255.9
1999-09-15,257.15
1999-09-14,256.75
1999-09-13,256.3
1999-09-10,256.0
1999-09-09,256.9
1999-09-08,256.15
1999-09-07,255.6
1999-09-06,254.6
1999-09-03,254.4
1999-09-02,254.2
1999-09-01,254.7
1999-08-31,254.8
1999-08-30,253.8
1999-08-27,253.8
1999-08-26,253.15
1999-08-25,252.85
1999-08-24,253.4
1999-08-23,255.9
1999-08-20,258.25
1999-08-19,258.0
1999-08-18,261.3
1999-08-17,259.65
1999-08-16,259.0
1999-08-13,260.45
1999-08-12,260.3
1999-08-11,257.75
1999-08-10,256.5
1999-08-09,256.5
1999-08-06,255.75
1999-08-05,256.0
1999-08-04,255.85
1999-08-03,256.0
1999-08-02,255.35
1999-07-30,255.6
1999-07-29,253.9
1999-07-28,254.1
1999-07-27,254.6
1999-07-26,253.5
1999-07-23,255.3
1999-07-22,253.95
1999-07-21,254.5
1999-07-20,252.8
1999-07-19,253.95
1999-07-16,255.65
1999-07-15,253.3
1999-07-14,255.25
1999-07-13,254.65
1999-07-12,256.0
1999-07-09,257.3
1999-07-08,257.2
1999-07-07,257.1
1999-07-06,257.6
1999-07-05,261.8
1999-07-02,263.1
1999-07-01,262.6
1999-06-30,261.0
1999-06-29,262.0
1999-06-28,260.3
1999-06-25,260.7
1999-06-24,260.15
1999-06-23,259.15
1999-06-22,258.55
1999-06-21,259.3
1999-06-18,258.95
1999-06-17,258.15
1999-06-16,258.7
1999-06-15,260.0
1999-06-14,260.35
1999-06-11,259.7
1999-06-10,258.6
1999-06-09,261.3
1999-06-08,262.35
1999-06-07,265.6
1999-06-04,265.3
1999-06-03,264.75
1999-06-02,267.15
1999-06-01,266.85
1999-05-31,268.6
1999-05-28,268.6
1999-05-27,268.95
1999-05-26,269.5
1999-05-25,271.7
1999-05-24,272.2
1999-05-21,273.3
1999-05-20,274.0
1999-05-19,272.5
1999-05-18,275.05
1999-05-17,276.1
1999-05-14,276.0
1999-05-13,277.85
1999-05-12,277.55
1999-05-11,279.45
1999-05-10,278.0
1999-05-07,282.4
1999-05-06,287.95
1999-05-05,286.0
1999-05-04,285.3
1999-05-03,286.6
1999-04-30,286.6
1999-04-29,283.0
1999-04-28,283.0
1999-04-27,281.05
1999-04-26,281.5
1999-04-23,283.3
1999-04-22,283.4
1999-04-21,283.25
1999-04-20,284.35
1999-04-19,284.2
1999-04-16,284.2
1999-04-15,283.65
1999-04-14,283.4
1999-04-13,283.45
1999-04-12,283.2
1999-04-09,280.6
1999-04-08,281.0
1999-04-07,280.15
1999-04-06,278.5
1999-04-05,280.55
1999-04-02,280.55
1999-04-01,280.55
1999-03-31,279.45
1999-03-30,279.6
1999-03-29,280.15
1999-03-26,279.8
1999-03-25,283.4
1999-03-24,284.25
1999-03-23,284.1
1999-03-22,284.3
1999-03-19,283.7
1999-03-18,283.7
1999-03-17,284.7
1999-03-16,283.0
1999-03-15,289.7
1999-03-12,292.5
1999-03-11,294.0
1999-03-10,291.8
1999-03-09,292.95
1999-03-08,289.5
1999-03-05,287.9
1999-03-04,287.7
1999-03-03,285.95
1999-03-02,288.25
1999-03-01,286.7
1999-02-26,287.05
1999-02-25,286.45
1999-02-24,287.4
1999-02-23,286.7
1999-02-22,287.2
1999-02-19,286.35
1999-02-18,285.7
1999-02-17,285.75
1999-02-16,285.3
1999-02-15,289.2
1999-02-12,289.15
1999-02-11,287.3
1999-02-10,288.2
1999-02-09,287.0
1999-02-08,288.85
1999-02-05,289.4
1999-02-04,287.25
1999-02-03,286.85
1999-02-02,288.55
1999-02-01,286.9
1999-01-29,285.4
1999-01-28,283.55
1999-01-27,283.8
1999-01-26,287.1
1999-01-25,287.7
1999-01-22,287.0
1999-01-21,287.75
1999-01-20,286.0
1999-01-19,286.5
1999-01-18,286.75
1999-01-15,285.95
1999-01-14,285.65
1999-01-13,285.45
1999-01-12,289.8
1999-01-11,291.15
1999-01-08,290.9
1999-01-07,289.95
1999-01-06,287.65
1999-01-05,287.15
1999-01-04,287.15
1999-01-01,287.8
